status,reason,bank_date,payee,bank_amount,document_vendor,document_date,amount_total,source,confidence,target_xero_transaction_id,target_contact_name,target_date,target_total,filename,link_id,receipt_document_id,bank_line_id
skipped,target has 1 attachment(s) in Xero,2025-10-01,Qantas,449.26,Qantas,2025-09-28,449.26,dext_receipt,1,696aa926-4c8a-4c09-8849-efc0e069860c,Qantas,2025-09-29,351.6,Qantas-receipt.pdf,8e5858ea-04af-42f8-83ac-44fd506045dc,89eb72bd-4618-4c59-a74c-03bbb2f10615,5d93d59a-cee8-401c-b6ce-71b61e4bce45
skipped,target has 1 attachment(s) in Xero,2025-10-01,Uber,71.25,Uber,2025-09-29,71.25,dext_receipt,1,570f54dd-268d-4cee-a051-48fd13475877,Uber,2025-10-01,71.25,receipt.pdf,a725a3b0-dbc8-461b-ae1c-8054793d926a,56bdb3df-8aa9-46c7-826e-44f4f6e1f5d2,1faed03a-c7b8-4d91-8796-343d3d6db01c
skipped,target has 1 attachment(s) in Xero,2025-10-01,Uber,57.88,Uber,2025-09-29,57.88,dext_receipt,1,668cddcf-2091-425e-895a-7d0d0e8296a5,Uber,2025-10-01,57.88,Uber-receipt.pdf,f53f8623-3c67-4b20-a83e-652a3c186177,8415cb04-36e7-4174-a3f5-6d0ffa087dca,59639dba-4222-4368-9718-917c61728423
skipped,target has 1 attachment(s) in Xero,2025-10-01,Uber,51.24,Uber,2025-09-28,51.24,dext_receipt,1,9ad31117-a406-4712-bbe6-e7037fe5de6f,Uber,2025-10-01,51.24,Uber-receipt.pdf,a3124570-3274-4312-832b-5370368f2e37,5c32c39e-6dc3-42f0-b5e1-a8b6724a6d1c,b7c8c617-b51e-4626-b6bf-cfddb3d979be
skipped,target has 1 attachment(s) in Xero,2025-10-01,Uber,35,Uber,2025-10-01,35,receipt_email,1,30c14b00-54bf-49d3-956d-5d8573b48e32,Uber,2025-10-01,35,A Curious Tractor  Your Wednesday evening trip wit-30c14b00.eml,3203c523-0494-4b04-bfb4-b12fa8063647,f84f4dec-4857-489e-b2f1-26bb4de8e045,e6680d27-fac4-4a47-b010-dda0e123e54b
skipped,target has 1 attachment(s) in Xero,2025-10-01,Uber,26.19,Uber,2025-09-29,26.19,dext_receipt,1,05aeed77-c326-4ffa-9b3f-9dd40f79c57c,Uber,2025-10-02,16.81,Uber-receipt.pdf,de05f1be-6f85-422a-bbf6-e1712cb35d1f,602743fb-e433-43ea-9809-9d15d69d3f81,e33b8fe6-1cd0-4c42-aa39-e40bc5575fcc
skipped,target has 2 attachment(s) in Xero,2025-10-01,Uber,25.99,Uber,2025-09-30,25.99,dext_receipt,1,bebb5830-d4c6-403a-9200-8e14d9a0f4b2,Uber,2025-10-01,26.19,receipt.pdf,1604b74e-a4e1-4894-9652-090c84bc7e68,80989ebd-9c25-45b2-add3-7cf3ffe45736,c609a281-386b-41b7-8de8-969e088ee9ef
skipped,target has 1 attachment(s) in Xero,2025-10-01,Uber,22.4,Uber,2025-10-01,22.4,receipt_email,1,82be006b-596c-4e4d-925b-633c2939912c,Uber,2025-10-01,22.4,A Curious Tractor  Your Thursday morning trip with-82be006b.eml,4d4ac2ca-3853-4fcb-aa38-e494db1e4371,33ab7fd5-6849-490a-9a76-f35f266e6407,fe575233-e798-43f8-9d66-62f2e6cb72f4
skipped,target has 1 attachment(s) in Xero,2025-10-02,Qantas,688.2,Qantas,2025-10-01,688.2,receipt_email,1,d2b39154-f7d4-4197-8ffa-65553e448620,Qantas,2025-10-02,688.2,Invoice.pdf,c6f5c995-dfaf-4f19-a3fa-aba6a6e15ae3,09ef0fe4-46e4-41ed-8d98-9378b846dc6b,52129543-1adb-436c-ba2e-470a4a37b8f2
skipped,target has 1 attachment(s) in Xero,2025-10-02,Uber,26.43,Uber,2025-09-25,24.11,dext_receipt,1,cb5ae980-efd0-4429-8bf0-ffa851b8bed1,Uber,2025-09-26,24.11,receipt.pdf,9cceaa2e-b5da-4c9e-aa8e-d56de2663e0e,03b27b13-03b2-4fb0-a369-34091645817f,9c79cede-b2ad-4b7b-a28a-60e58c576ff3
skipped,target has 1 attachment(s) in Xero,2025-10-02,Uber,23.06,Uber,2025-09-29,23.35,receipt_email,1,7b2ccdca-67d9-4426-9f84-5d8a6b9fed1e,Uber,2025-09-29,23.35,A Curious Tractor  Your Monday evening trip with U-7b2ccdca.eml,09181a0d-0f63-4fbb-950a-f7a3f62b0834,0ad18072-8a7e-4c72-a5c5-623e3dcd738d,26a87605-4df8-49db-a5f2-919c18ce9b2d
skipped,target has 1 attachment(s) in Xero,2025-10-02,Uber,21.64,Uber,2025-09-30,21.64,receipt_email,1,f5396785-7144-452b-a876-d208daef63c7,Uber,2025-10-02,21.64,A Curious Tractor  Your Tuesday morning trip with-f5396785.eml,eb04ff86-cf4c-415b-b4e6-53ab5bd2e337,10a35fb2-826b-433f-9799-c1fb0e6efd8c,d704e28a-16ec-4f85-a858-bc597cf85127
skipped,target has 1 attachment(s) in Xero,2025-10-02,Uber,16.81,Uber,2025-09-30,16.81,dext_receipt,1,b3217ce3-b63e-41b9-99b8-c4b204b562bc,Uber,2025-10-03,48.2,Uber-receipt.pdf,e956c4fc-2ad5-4b45-8926-8316625297d8,9d4bf246-ba1f-4e98-97a3-889fbf5918ee,62916579-6d98-46c1-9e16-aee1dbd29934
skipped,target has 1 attachment(s) in Xero,2025-10-03,Uber,48.2,Uber,2025-10-01,48.2,dext_receipt,1,b3217ce3-b63e-41b9-99b8-c4b204b562bc,Uber,2025-10-03,48.2,Uber-receipt.pdf,088d0415-e0ee-491e-a80c-624d749897fb,f447b124-2259-4793-a321-f8196ad783b1,f407f19a-a3d5-4f4e-9b91-10debec46b08
skipped,target has 1 attachment(s) in Xero,2025-10-03,Uber,42.29,Uber,2025-10-03,42.29,receipt_email,1,61db2bc7-6c4b-4a83-943d-3bf525a4c5d6,Uber,2025-10-03,42.29,Make your work trip a breeze-61db2bc7.eml,a266f407-9a10-46f0-a5ab-336bf8f53cce,6a146ac2-c916-4a3a-9f5b-9a7885919c3d,d96280f6-eb36-404b-a797-444fd8c9c1f8
skipped,target has 1 attachment(s) in Xero,2025-10-03,Uber,36.28,Uber,2025-10-02,36.28,receipt_email,1,6b885421-0f61-4863-ba3f-71af782b6e7b,Uber,2025-10-03,36.28,Early business trip-6b885421.eml,356ef67f-1c55-44a9-8f25-ab8f2fbf1f2a,b7d9f9e5-7217-4fa1-8767-98b53c3d31d2,70796f67-858c-4db1-9a96-1baccb83111c
skipped,target has 1 attachment(s) in Xero,2025-10-03,Uber,14.32,Uber,2025-09-30,14.32,receipt_email,1,4450b7d8-bfd9-4aef-ae2c-7b0eb33f2803,Uber,2025-10-03,14.32,A Curious Tractor  Your Tuesday morning trip with-4450b7d8.eml,5594f019-aea8-4745-973d-00de7c1d5c08,e7a2b136-abdf-47d3-b5ad-3dd111bfee8c,a212c9b4-70e6-4cca-9bad-a8bd3da2e60b
skipped,target has 1 attachment(s) in Xero,2025-10-07,Uber,35.99,Uber,2025-10-07,35.99,receipt_email,1,d69127e3-b5ca-47ea-beee-2fee2de8c6e0,Uber,2025-10-07,35.99,Ready Reserve-d69127e3.eml,522632b9-9745-4394-9300-5aa6b0c93182,2444fb00-056d-4ccf-8d83-6489d12595ca,c09834b7-dd61-4e74-baaa-d05a4e64293f
skipped,target has 1 attachment(s) in Xero,2025-10-07,Uber,25,Uber,2025-10-09,25,receipt_email,1,27968c7e-0042-4cfd-8d18-bb3414d4dc04,Uber,2025-10-07,25,Benjamin enjoy easy traveling-27968c7e.eml,980af6d1-e4ec-42a6-aaf7-e1a83e876d5c,b5b1d108-54cc-46eb-b4a4-8be4d53e5de1,c61be0cf-40f0-48b6-bca7-005c987c2bdb
skipped,target has 1 attachment(s) in Xero,2025-10-08,Amazon,28.49,Amazon,2025-10-07,28.49,receipt_email,1,36679e53-6677-47d3-8ce5-f3546bdeb46c,Amazon,2025-10-08,28.49,PSA Your Amazon Haul just went half price-36679e53.eml,546a6d14-e196-40f8-a694-555160aa82bf,505d248a-ffe9-466e-a5b3-9a22221c2633,7710f1a6-f97a-4d76-a409-6f676dc57c1e
skipped,target has 1 attachment(s) in Xero,2025-10-13,Uber,30.73,Uber,2025-10-12,30.97,dext_receipt,1,9505d906-0a6a-4fd9-8648-f10b78577039,Uber,2025-10-13,30.73,Uber-receipt.pdf,73d8e47f-4087-40fb-8334-fe8e0ca71014,bfe89c8f-e0dd-4877-bb20-b561b28e0a2c,a051fa68-c8e1-468b-b6d6-2e48970a5db7
skipped,target has 1 attachment(s) in Xero,2025-10-13,Uber,25.71,Uber,2025-10-19,26.17,dext_receipt,1,6710d592-2658-4bad-8712-0e13aa3a59df,Uber,2025-10-22,20.35,Uber-receipt.pdf,879ef063-8b77-4577-bbcc-6e909d7608a2,d47b3db7-21ec-415d-aa57-f93d798bab62,93f3551a-bb33-43dd-8bb1-ac8cb64c0458
skipped,target has 1 attachment(s) in Xero,2025-10-13,Uber,9.94,Uber,2025-10-14,9.94,receipt_email,1,70f58cb4-10d3-4817-98d7-cb1af7c30cbe,Uber,2025-10-13,9.94,Benjamin welcome to Townsville-70f58cb4.eml,db91dee9-6aa5-42c7-94db-272f4fabae7e,960de8a0-4de1-4a35-9df5-5eeb83e08a9c,e8df9f02-d14d-40be-bdab-f28d1cc77288
skipped,target has 1 attachment(s) in Xero,2025-10-14,Uber,37.43,Uber,2025-10-12,37.43,dext_receipt,1,af71a44f-dd98-4cae-b098-a0d2bd13ffac,Uber,2025-10-14,37.43,Uber-receipt.pdf,f2063439-d5a5-4965-9f9f-ebd716cda152,34d3bdb3-b6b5-45c4-8367-db854eb9f4f9,59bc360f-8831-46c6-bc8a-a5a438392dcb
skipped,target has 1 attachment(s) in Xero,2025-10-15,Qantas,289.27,Qantas,2025-10-12,289.27,receipt_email,1,174745c0-3a30-4ad2-9cf5-5f5918206e94,Qantas,2025-10-15,289.27,Download 391751918-e-ticket-FSBUPA.pdf,35440a6d-10ab-49b9-8b8e-e580e350e7b4,afc7db53-f99b-42c0-b0d4-98e7118fdbef,e783c9ed-4094-4660-8e9f-3d3d3f6026bb
skipped,target has 1 attachment(s) in Xero,2025-10-15,Qantas,113.02,Qantas,2025-10-11,113.02,receipt_email,1,4d70d2ab-1b76-4f24-bc68-97f9c869bf30,Qantas,2025-10-15,113.02,Download 391435916-e-ticket-FSBUPA.pdf,1906b00a-00bf-42ee-ab3c-e81edb830c85,3e4f112c-5dd1-4539-8f62-8d81b2ff2e9d,5c8126a1-68f6-4dab-8739-05396574ded0
skipped,target has 1 attachment(s) in Xero,2025-10-15,Qantas,110,Qantas,2025-10-13,110,receipt_email,1,74ecdacd-7807-4415-bf75-c087b95146db,Qantas,2025-10-15,110,Prepare for your flight QF1990 to Townsville on 14-74ecdacd.eml,955d0e42-4d9a-40d8-9f2b-ea2b9875b4fc,e944a8af-bd88-4ec0-b905-856c428bc1d9,6508a453-80fd-4d6a-bad1-3824c73dfc48
skipped,target has 1 attachment(s) in Xero,2025-10-15,Qantas,34.21,Qantas,2025-10-11,34.21,receipt_email,1,58525164-4bfc-4ac5-97f5-33a68dd26bf3,Qantas,2025-10-15,34.21,Qantas Seat Selection Receipt for your flight to B-58525164.eml,83b35151-6543-4e9f-9e75-dcbef0ed2a50,3fcfc998-0f7e-4684-bc1c-ba0255bd121c,ca2523a7-7dc0-4768-993b-2841d4e274dc
skipped,target has 1 attachment(s) in Xero,2025-10-15,Uber,30.97,Uber,2025-10-20,30.97,receipt_email,1,ebfc82b2-4a9e-4e08-b9af-e86a857df05c,Uber,2025-10-15,30.97,A Curious Tractor  Your Monday afternoon trip with-ebfc82b2.eml,49ec54a0-ce75-4c75-81f6-f62aa997e82f,b161415a-c72f-442d-84c1-947139c24c1f,1b9d65ea-0157-48a5-9684-9995b179371f
skipped,target has 1 attachment(s) in Xero,2025-10-15,Uber,17.36,Uber,2025-10-20,17.36,receipt_email,1,34352485-834d-473a-97bf-be0a9c8c807f,Uber,2025-10-15,17.36,A Curious Tractor  Your Monday evening trip with U-34352485.eml,82d45a7c-65df-4f93-8578-54af1abca6e9,d1e18aed-273d-42fe-be63-e485c8cf9248,27480575-2eee-40c3-a847-9e0686165961
skipped,target has 1 attachment(s) in Xero,2025-10-16,Uber,48.99,Uber,2025-10-20,48.99,receipt_email,1,b4430784-4438-445c-b05e-7e2d61c482ef,Uber,2025-10-16,48.99,A Curious Tractor  Your Monday morning trip with U-b4430784.eml,577b28f2-ecdf-473f-857c-055135618dd6,19495f8d-65ef-435e-a5df-ac0116677391,acc95792-a09b-45bf-954e-7c4a5ac70db7
skipped,target has 1 attachment(s) in Xero,2025-10-16,Uber,37.92,Uber,2025-10-13,37.92,dext_receipt,1,66b3344f-7606-4c4d-b1ab-d8fa34dcc11a,Uber,2025-10-16,18.47,Uber-receipt.pdf,21a4ae79-c6a1-49c4-8250-8fbd2d4f167e,a0c8ca85-574a-4d4e-85a3-ff00811915c2,65f2e746-d2c4-4356-88cf-24f135268361
skipped,target has 1 attachment(s) in Xero,2025-10-16,Uber,32.95,Uber,2025-10-20,32.95,receipt_email,1,7f72485a-61fa-4857-b92e-74105988898e,Uber,2025-10-16,32.95,A Curious Tractor  Your Monday afternoon trip with-7f72485a.eml,0c3d29fd-a3dd-41ba-b9ba-016d23a3bb6d,05684a2f-3e0c-4c2a-b9c3-d13628765084,4c0d7ade-dcfd-4e29-82a6-e199d5cd75a6
skipped,target has 1 attachment(s) in Xero,2025-10-16,Uber,18.47,Uber,2025-10-14,18.47,dext_receipt,1,a6d66bc7-f6fd-4528-90fd-7bd3cb852b4d,Uber,2025-10-16,37.92,Uber-receipt.pdf,4f7cc838-e078-4bb6-b937-6a2e18955fd3,b76cc42d-f27f-4966-8adb-e8b6374ffd87,3d39c428-9d15-40d6-87a5-3641f874c5ab
skipped,target has 1 attachment(s) in Xero,2025-10-20,Updoc,39.95,Updoc,2025-10-18,39.95,dext_receipt,1,efc07299-2b26-483f-84b7-9501ac78d3ed,Updoc,2025-10-19,39.95,Updoc-receipt.pdf,b7d2d8bf-a7ff-45b0-ab66-dc3d6916a6dd,2d119d73-290d-4012-8a6e-ca51204e9e74,cc66a37d-1c26-43f7-9a37-a52fa54bbacc
skipped,target has 1 attachment(s) in Xero,2025-10-20,Uber,31.56,Uber,2025-10-21,31.56,receipt_email,1,a2a30936-f99a-43ea-ae39-823c185b1440,Uber,2025-10-20,31.56,A Curious Tractor  Your Wednesday morning trip wit-a2a30936.eml,b3eec04e-6ff3-47cf-b893-7a12ba1e3cba,4112236b-d12a-4075-9d04-37dcceb3465b,c7574557-c579-4bce-8020-e2eaff4facbf
skipped,target has 1 attachment(s) in Xero,2025-10-20,Uber,28.17,Uber,2025-10-22,28.17,receipt_email,1,108d67b3-b2e6-4db6-9fdb-ddbfe84e8317,Uber,2025-10-20,28.17,A Curious Tractor  Your Thursday morning trip with-108d67b3.eml,2d028d5c-7d47-43a5-8289-4d0bbf85ecf7,74fedd48-6293-47c4-b6d9-c5597157a5f9,76425c36-3e0c-4b26-bdf9-242a4442580e
skipped,target has 1 attachment(s) in Xero,2025-10-20,Uber,19.81,Uber,2025-10-22,21.9,dext_receipt,1,2073170d-9384-4018-a3d2-d356b989d63f,Uber,2025-10-24,42.55,Uber-receipt.pdf,ba1029f3-ae0b-4b59-abd7-1f5ec51f26de,970f35c2-3d1f-41fc-af93-39283ffaef2e,9233891d-e5e8-4953-80df-05cb77932e28
skipped,target has 1 attachment(s) in Xero,2025-10-20,Uber,19.76,Uber,2025-10-21,17.83,dext_receipt,1,2073170d-9384-4018-a3d2-d356b989d63f,Uber,2025-10-24,42.55,Uber-receipt.pdf,ec704548-8064-4d0d-bf74-100963b0bbb9,c29f71e5-c2f6-4ec7-8fd5-ceadc14c191a,8ce51d71-88ad-434c-96ff-16276c1d0e24
skipped,target has 1 attachment(s) in Xero,2025-10-20,Uber,11.45,Uber,2025-09-29,11.45,receipt_email,1,9d15695c-0a73-47b7-be69-43114919c04e,Uber,2025-09-25,11.45,Reservation confirmed for Tuesday Sep 30-9d15695c.eml,d76e7529-c557-44b2-81d4-342cb84727d5,287607f4-31a3-4bc4-9af4-0278c40cc578,c9fb9ec2-2dc6-4ba7-a2b3-26f84be8cb9a
skipped,target has 1 attachment(s) in Xero,2025-10-21,Uber,78.48,Uber,2025-10-19,78.48,dext_receipt,1,1a58848e-e77c-4cc4-ac56-121019e5ae8d,Uber,2025-10-22,30.62,Uber-receipt.pdf,d6963d1e-f51f-4163-8af8-77547c7a2e28,3fa2cce5-0936-4454-a57b-48ecc9e6e2d4,9ca92d79-e81d-4e6a-9731-9b78c3e85306
skipped,target has 1 attachment(s) in Xero,2025-10-21,Uber,64.37,Uber,2025-10-18,64.37,dext_receipt,1,980c3350-7179-4836-9cb8-4ba52fab4cc7,Uber,2025-10-21,26.59,Uber-receipt.pdf,905280a7-ee01-4049-8087-60ab9a4b5fe3,f27dc63d-03b0-4a6c-943d-2ea59b2bd66e,23e242b0-21e2-4e36-b367-ef3efc88ec6d
skipped,target has 1 attachment(s) in Xero,2025-10-21,Uber,28.8,Uber,2025-10-23,28.8,receipt_email,1,0f49c277-3cbf-4912-9c2f-96c7fee08a55,Uber,2025-10-21,28.8,A Curious Tractor  Your Thursday afternoon trip wi-0f49c277.eml,8d88ecad-ddb2-493a-89f9-6cffbf908023,c2a8f573-c263-4311-9499-c4059d65c559,e3ec8f5e-50ee-455f-a438-aced74ca66dd
skipped,target has 1 attachment(s) in Xero,2025-10-21,Uber,26.59,Uber,2025-10-19,26.59,dext_receipt,1,6710d592-2658-4bad-8712-0e13aa3a59df,Uber,2025-10-22,20.35,Uber-receipt.pdf,2b52702e-40be-474f-bfa8-f27b854ba64e,18a16855-bf83-4b78-b583-cba01e9db27e,1206d20f-feab-4dcb-a5dd-3947273370d9
skipped,target has 1 attachment(s) in Xero,2025-10-21,Uber,26.17,Uber,2025-10-23,26.17,receipt_email,1,a459cfea-f5e8-4c82-b188-4ec2705f1fe7,Uber,2025-10-21,26.17,A Curious Tractor  Your Friday morning trip with U-a459cfea.eml,9b26f422-1528-45df-9cb4-a40c28f3ccf5,1641e2c4-193e-41f7-b581-21330fc66209,fe64fca1-1309-476b-9dfa-40ea09df4c2b
skipped,target has 1 attachment(s) in Xero,2025-10-21,Uber,24,Uber,2025-10-19,24,dext_receipt,1,1a58848e-e77c-4cc4-ac56-121019e5ae8d,Uber,2025-10-22,30.62,Uber-receipt.pdf,9bcf9fd0-7909-4298-bf79-b1de6073d97d,56d9a47c-5b12-4036-892e-7798610452bd,1a917e15-e4e1-419f-943a-ef6201d87882
skipped,target has 1 attachment(s) in Xero,2025-10-22,Uber,30.62,Uber,2025-10-23,31.87,dext_receipt,1,85da3cc4-e31a-498a-b253-2ad8c2890cd0,Uber,2025-10-23,30.62,Uber-receipt.pdf,a510bd6f-b6cd-4793-ae22-8882513dee8b,5836cc1c-e816-4e57-b246-ca79e33c4000,d36efec1-8d19-42b1-88d4-99a7f8f03209
skipped,target has 1 attachment(s) in Xero,2025-10-22,Uber,25.79,Uber,2025-10-29,23.48,dext_receipt,1,fb888a51-5329-4338-99ec-271b144506d6,Uber,2025-10-30,23.48,receipt.pdf,3c3ac74b-20c7-4ad2-a22c-7f429cb8f9b7,9782a9ab-05da-4bd3-8cf1-c1a1ca73ff25,8d4116da-76c1-4649-9b2d-01a6b4cd6311
skipped,target has 1 attachment(s) in Xero,2025-10-22,Uber,22.99,Uber,2025-10-24,25.79,receipt_email,1,41b0d1f7-02b6-40b8-b672-43af449ab334,Uber,2025-10-22,25.79,A Curious Tractor  Your Friday afternoon trip with-41b0d1f7.eml,80a0bb14-3525-42cf-8578-ac42418e3579,34760ead-61a5-4bd2-9098-6298b0b60366,afbb3c7e-e337-438b-be6c-d324390d24a7
skipped,target has 1 attachment(s) in Xero,2025-10-22,Uber,21.42,Uber,2025-10-24,24,receipt_email,1,8813e258-0d4b-4493-a37d-4614e6ef863c,Uber,2025-10-21,24,A Curious Tractor  Your Friday evening trip with U-8813e258.eml,8df68844-a08d-417c-b8b3-45afc64afbfe,16674414-46a7-4132-9618-2a543c49c6d6,1ef411ff-9253-46b5-ac09-805e2d5015fa
skipped,target has 1 attachment(s) in Xero,2025-10-22,Uber,21.1,Uber,2025-10-24,22.99,receipt_email,1,34b1beda-54d2-4f51-84bf-3713bcd777b4,Uber,2025-10-22,22.99,A Curious Tractor  Your Friday evening trip with U-34b1beda.eml,9dc6556e-b9a7-4202-9ec4-cfbcbfda58d1,bc81e2fb-8b7f-4c16-b16e-cf0659ef55d4,b6c26fff-629e-4e29-b538-27964f7d08ec
skipped,target has 1 attachment(s) in Xero,2025-10-22,Uber,20.35,Uber,2025-10-22,22.5,dext_receipt,1,2073170d-9384-4018-a3d2-d356b989d63f,Uber,2025-10-24,42.55,Uber-receipt.pdf,f5b98627-5b9e-4919-9ca9-70d7150fb836,1b1ceff3-6e18-4075-8ee2-35fac25054e4,732584cb-1a95-44be-8ef6-d6cfeaa73c1d
skipped,target has 1 attachment(s) in Xero,2025-10-23,Uber,30.62,Uber,2025-10-25,31.87,receipt_email,1,a53087b1-a2e1-4c23-a9d0-fccb438ef0ac,Uber,2025-10-27,31.87,A Curious Tractor  Your Sunday morning trip with U-a53087b1.eml,f0c12f88-8b65-46c5-80f2-337b2fbe19bb,1265c293-4878-4568-ac1c-352035d9deed,db595d09-ff9b-4ea6-9775-99c06d078c97
skipped,target has 1 attachment(s) in Xero,2025-10-23,Uber,19.73,Uber,2025-10-22,20.22,dext_receipt,1,6710d592-2658-4bad-8712-0e13aa3a59df,Uber,2025-10-22,20.35,receipt.pdf,42223b0f-2108-45fb-9589-0f19456fd8b8,80925c09-09f2-4b92-b23b-466011573314,0d8e2d62-2756-4adf-a4f7-f4a1a265ae88
skipped,target has 1 attachment(s) in Xero,2025-10-23,Uber,17.83,Uber,2025-11-02,18.67,receipt_email,1,8e58e971-07f2-4d81-b4b5-c7b1865a9362,Uber,2025-10-31,18.67,A Curious Tractor  Your Monday morning trip with U-8e58e971.eml,9d8bcd4e-e20d-4d51-8e39-58cced7b47f7,06f7b250-b28c-4459-944c-c7cbd2bbbcfe,fb50d2ee-4ba0-4d31-8855-7255ae906d84
skipped,target has 1 attachment(s) in Xero,2025-10-24,GoGet,78.96,GoGet Carshare,2025-10-22,78.96,dext_receipt,1,1627d012-cb43-45aa-9d17-887824d63e3f,GoGet Carshare,2025-10-23,78.96,GoGet-Carshare-receipt.pdf,8ee98af7-d298-4b5a-9478-976ea742f72a,aeca8ecf-5a41-4350-a1da-db548723d603,97d3a29d-5888-48f0-bf90-8f5bc448ee4d
skipped,target has 1 attachment(s) in Xero,2025-10-24,GoGet,55.76,GoGet Carshare,2025-10-22,55.76,dext_receipt,1,047af102-9c22-43b8-ae71-13595723d631,GoGet Carshare,2025-10-23,55.76,GoGet-Carshare-receipt.pdf,dd2f848b-373e-47f4-b78e-1f621e73c8ba,065b324f-6769-4e2a-aed3-38c1bd7af6d5,50132d55-2eb7-4c35-be08-f52ca942afb4
skipped,target has 1 attachment(s) in Xero,2025-10-24,Uber,42.55,Uber,2025-10-23,42.55,dext_receipt,1,2073170d-9384-4018-a3d2-d356b989d63f,Uber,2025-10-24,42.55,receipt.pdf,a3cc6514-408d-4ed1-9017-b82971d1a152,3b00d7c9-b035-4fdc-ab00-05f78c6caafe,c65333b2-f506-4847-88ad-cecca6288074
skipped,target has 1 attachment(s) in Xero,2025-10-24,Uber,29.05,Uber,2025-10-23,29.05,dext_receipt,1,4ab33b0e-a4ad-4681-ae31-bc8f074f6406,Uber,2025-10-24,29.05,receipt.pdf,186f16d5-ed36-4111-9d03-cf55eb6274ee,709583d8-080e-41a9-8c96-c1f9075d1637,9d2205b4-a6a6-403c-b7c5-d628151b25c2
skipped,target has 1 attachment(s) in Xero,2025-10-24,Uber,22.5,Uber,2025-10-19,20.35,dext_receipt,1,1a58848e-e77c-4cc4-ac56-121019e5ae8d,Uber,2025-10-22,30.62,Uber-receipt.pdf,f348b73c-50e6-4ca1-8509-58c516c593b5,c3446867-bdd0-40be-bdcf-b2876947a5ff,a7cf7312-77a3-4868-a213-7cc9d4567d24
skipped,target has 1 attachment(s) in Xero,2025-10-24,Uber,20.22,Uber,2025-10-29,22.5,receipt_email,1,417cc66b-03b3-430f-afaa-547c8613b123,Uber,2025-10-24,22.5,Nicholas welcome to Canberra-417cc66b.eml,0b0442d6-3681-4bbe-95ae-7ef3fe9bacb4,ba51b9c4-83a4-45c2-9b1a-077042eb0958,404a824b-33d1-4dfb-a84c-c6ed5a58c930
skipped,target has 1 attachment(s) in Xero,2025-10-27,Qantas,1409.64,Qantas,2025-10-27,1549.09,receipt_email,1,88fd5139-0877-4eec-ae31-c5eb7d8cd51b,Qantas,2025-10-28,1549.09,Download 396007261-e-ticket-EKDO2P.pdf,defb2050-d1a3-4721-90d1-574248bc4285,606aad6b-797d-486e-847e-bdddca3f8dd3,0e5ac528-abdb-4b6c-9f0e-59897d6c4189
skipped,target has 1 attachment(s) in Xero,2025-10-27,Uber,64.72,Uber,2025-10-27,64.72,receipt_email,1,6c340b8a-688d-4954-b859-71b10efe3192,Uber,2025-10-27,64.72,Introducing Uber Business Black in Sydney Melbourn-6c340b8a.eml,2b908bc0-1145-4ef2-8c90-678da9b34a73,519c9d14-f231-49bb-8bca-586c31820bf3,7204ba31-53c5-430a-b7bf-cb731d6e7d96
skipped,target has 1 attachment(s) in Xero,2025-10-27,Uber,46.31,Uber,2025-10-28,42.48,receipt_email,1,b24aeaa7-762b-47ea-acd2-4601cb77268f,Uber,2025-10-28,42.48,A Curious Tractor  Your Tuesday morning trip with-b24aeaa7.eml,946002ef-a208-4a50-829c-39ba8f5fc009,cc82336b-ddf1-4cdc-8893-591fab9d507c,6b007a31-f7e6-4127-be81-84b451440e15
skipped,target has 1 attachment(s) in Xero,2025-10-27,Uber,44.08,Uber,2025-10-24,44.08,dext_receipt,1,5e05090d-a95a-4b13-9be6-641db3cb7c5c,Uber,2025-10-27,44.08,receipt.pdf,048eeaa0-5bbb-4798-b6d8-b94e79fd172e,cb4839ba-be36-4f08-ba25-ccbbfed66240,2838aeeb-9386-48d4-aa4a-c5b79486adc6
skipped,target has 1 attachment(s) in Xero,2025-10-27,Uber,42.79,Uber,2025-10-25,42.79,dext_receipt,1,4b4d8048-c776-46b0-999d-14d47fcd21b8,Uber,2025-10-27,42.79,receipt.pdf,19e1bd4c-1256-430e-a0eb-709af224ba8c,bc795eac-9cbc-4fe5-8ce3-a712ef2cd865,4fa618ee-f99b-486b-a174-1baa1ec04394
skipped,target has 1 attachment(s) in Xero,2025-10-27,Uber,42.2,Uber,2025-10-27,42.2,receipt_email,1,85f10373-8e4a-4ae0-b875-2ef4e641eee6,Uber,2025-10-27,42.2,Introducing Uber Business Black in Sydney Melbourn-85f10373.eml,5a691648-6fe4-49c2-aaec-e94f278855f9,691f6cb7-77bf-43f9-b1a1-1a39a29f145f,c15bf1d3-60cd-4df7-a0e9-7beda6a95c09
skipped,target has 1 attachment(s) in Xero,2025-10-27,Uber,31.87,Uber,2025-10-29,29.38,receipt_email,1,03d1fa0e-8df9-4f40-8da9-58a67c4197e4,Uber,2025-10-31,29.38,A Curious Tractor  Your Wednesday evening trip wit-03d1fa0e.eml,9368b834-dd6f-42a9-abd6-e3858b1c4598,1f28bc75-78e4-47cd-b27a-1bed66c6b38d,3ffe040d-03f0-4972-af35-b65a81b4654e
skipped,target has 1 attachment(s) in Xero,2025-10-27,Uber,14.95,Uber,2025-10-24,14.95,dext_receipt,1,6c43b9a3-63f5-471b-9fcf-9887b1106c29,Uber,2025-10-27,14.95,receipt.pdf,23902552-aeb9-4a89-95cd-c44f9e42228b,9ee266c7-1d2f-46f2-b4d8-0a659bedfa79,391ef2f9-34ec-4979-96c1-57fca8919056
skipped,target has 1 attachment(s) in Xero,2025-10-28,Qantas,1549.09,Qantas,2025-10-28,1549.09,receipt_email,1,f7000fe8-4682-46c6-93e1-ae60ed27b172,Qantas,2025-10-28,1549.09,Download 396312224-e-ticket-F3UUTS.pdf,0efac5fd-7a78-48c7-97d0-2e188b6afe39,94775646-fbc5-44e7-a0ba-65283094690e,4aa351b7-aa7a-41fc-970b-a4446c9fd9c2
skipped,target has 1 attachment(s) in Xero,2025-10-28,Qantas,1418.45,Qantas,2025-10-27,1418.45,receipt_email,1,964064af-59dc-416a-94a5-9542cc7128b1,Qantas,2025-10-28,1418.45,Download 395955738-e-ticket-EIF22R.pdf,cb7667cf-2cf0-4f2d-bb15-d62cd98e7459,cad08ef5-26be-4fdb-9442-19f7ae566fce,b8c1184d-6385-4ad5-b052-7a4a971258ec
skipped,target has 1 attachment(s) in Xero,2025-10-28,Qantas,629.1,Qantas,2025-10-26,629.1,receipt_email,1,0c5d82bf-27fb-47ff-89b7-bb7b2f1b8a28,Qantas,2025-10-28,629.1,Download 395813722-e-ticket-E8OBSN.pdf,06ec9fc7-ef29-4caa-bf09-94eb90436ef1,7a18b8d0-ace2-4faa-a1a0-38389cec75c9,534e716b-ede5-465b-99b3-89cf8f6b64a2
skipped,target has 1 attachment(s) in Xero,2025-10-28,Uber,42.48,Uber,2025-10-27,46,dext_receipt,1,2c352156-32ef-4fad-8689-10273e369e51,Uber,2025-10-27,46.31,Uber-receipt.pdf,e3ac308c-896d-47b8-a923-067e8f5cbefe,6a491a67-d161-411b-bee9-503d21340297,5c805c1e-9906-4d66-bb0e-d5721ade12da
skipped,target has 1 attachment(s) in Xero,2025-10-29,Qantas,598.18,Qantas,2025-10-26,598.18,dext_receipt,1,8c9157fd-9b02-4537-bab0-6afdf423b8d0,Qantas,2025-10-29,598.18,Qantas-receipt.pdf,c88713e6-4216-4781-a9c7-409e25114a98,c5932c56-8c53-45f7-8e72-15f47fae9c81,24a9a140-ab85-4845-890d-40bdc21064a3
skipped,target has 1 attachment(s) in Xero,2025-10-29,Qantas,438.97,Qantas,2025-10-28,438.97,receipt_email,1,2b7dd6ce-817a-4f1b-a492-1fbe004a6e66,Qantas,2025-10-29,438.97,Prepare for your flight QF552 to Brisbane on 29 Oc-2b7dd6ce.eml,2afb4812-d67e-454b-919b-1b0789cf4c8b,85165599-3d0e-4ae5-801b-1a439369fdb2,b79877b0-9901-4ccb-87a3-384ec906a10c
skipped,target has 1 attachment(s) in Xero,2025-10-29,Qantas,110,Qantas,2025-10-28,110,receipt_email,1,3eb35137-c8db-422c-a9f9-2c426de18865,Qantas,2025-10-29,110,Dont miss out on 20000 bonus points for your busin-3eb35137.eml,e3b93f2b-76e5-4a9e-a7eb-27138ae140d3,d0f420a4-1b18-439b-ba75-a9e20f81c907,2ed4006d-e95e-4eed-bfaf-ef9d99d03060
skipped,target has 1 attachment(s) in Xero,2025-10-29,Uber,46,Uber,2025-10-29,46,receipt_email,1,ad635216-fbf5-4fd0-8d33-d08dd4e61ed4,Uber,2025-10-29,46,A Curious Tractor  Your Wednesday evening trip wit-ad635216.eml,42cb41f5-f168-467b-a93a-0e7b233d149a,ccecc524-f116-43ef-9aea-d75c270c2642,9d36b752-3f93-4699-aae3-ac77f13d90dd
skipped,target has 1 attachment(s) in Xero,2025-10-30,Qantas,746.71,Qantas,2025-10-26,746.71,receipt_email,1,3f58814a-413a-4221-bdbd-736d87f80ff6,Qantas,2025-10-30,746.71,Download 395815436-e-ticket-E94GO8.pdf,2a8de4a8-f1c2-475d-b8a7-204a440275b3,8c88f7c9-bcbe-4bb8-8954-6c80d1c214e1,b25aaf08-6f6d-4750-99fc-6926c43b0587
skipped,target has 1 attachment(s) in Xero,2025-10-30,Uber,36.99,Uber,2025-10-29,36.99,receipt_email,1,9e24a622-b256-4aae-9883-e4a987e61e3d,Uber,2025-10-30,36.99,A Curious Tractor  Your Thursday morning trip with-9e24a622.eml,85c4a76b-3df9-4c27-b971-6eaf8c2bd0f6,041d5ac8-71e2-40e1-95fa-681b325a8ec2,272b1282-384e-4622-bb59-253259e41890
skipped,target has 1 attachment(s) in Xero,2025-10-31,Uber,102.54,Uber,2025-11-03,99.76,receipt_email,1,899bc2c8-2d8d-4429-a473-3a14810e1382,Uber,2025-11-03,99.76,Ready when you are reserve Uber Business Black in-899bc2c8.eml,de6d7af5-aeb5-45a1-97c9-5ffbd90211f8,6ed23560-f07e-4650-b6cf-12b701ffeda4,79f7ad9e-1437-43ab-9539-bfdc214319f5
skipped,target has 1 attachment(s) in Xero,2025-10-31,Uber,29.38,Uber,2025-10-29,29.38,dext_receipt,1,ccbfa78e-aa0f-41ee-8659-6f3b54e1bdc4,Uber,2025-10-31,102.54,Uber-receipt.pdf,17656610-0f1e-4098-be2c-eab45fa9e485,8857307e-4703-4c45-b604-f1170bbe2754,1b806aa1-d713-4c7c-b654-ee821927d4e7
skipped,target has 1 attachment(s) in Xero,2025-10-31,Uber,18.67,Uber,2025-11-02,18.67,receipt_email,1,8e58e971-07f2-4d81-b4b5-c7b1865a9362,Uber,2025-10-31,18.67,A Curious Tractor  Your Monday morning trip with U-8e58e971.eml,07e7c1c5-aca0-4fcc-ba1c-799d63d0e8f5,06f7b250-b28c-4459-944c-c7cbd2bbbcfe,a245f023-2eed-486e-8237-5c1d5802a284
skipped,target has 1 attachment(s) in Xero,2025-11-03,Uber,99.76,Uber,2025-11-10,90.45,dext_receipt,1,06dd5ae1-dc8d-4c0d-8d59-46b894b139b0,Uber,2025-11-12,40.99,Uber-receipt.pdf,14884ebb-ad99-41a7-94db-e8020dfd84ab,f65375f8-fd81-44b4-a79b-9dd0ebc6edc9,57a63f15-8579-491a-9e24-e4133913ef5b
skipped,target has 1 attachment(s) in Xero,2025-11-04,Uber,60.43,Uber,2025-11-02,60.43,dext_receipt,1,66deca1c-ab37-4ed4-8d2a-6bd9806f5b50,Uber,2025-11-04,60.43,Uber-receipt.pdf,70d0048e-dfe0-4a3b-95a9-b3de7c58c999,c8a57910-52cd-4058-be91-1f37202bceeb,9e88d1f5-d57b-4e79-99cc-aa50bb136043
skipped,target has 1 attachment(s) in Xero,2025-11-11,Qantas,1913.31,Qantas,2025-11-08,1913.31,dext_receipt,1,ca44d8b4-e239-4143-85e9-a163de36a882,Qantas,2025-11-11,1913.31,Qantas-receipt.pdf,52d27e12-6f94-470e-9148-b120e2e4dee0,dd1f405c-47e9-4fa1-8411-169833318850,cf2951d3-9e13-4f22-86d3-5a53b207ce90
skipped,target has 1 attachment(s) in Xero,2025-11-11,Qantas,260,Qantas,2025-11-14,281.7,receipt_email,1,924cadb2-804c-44b5-87a1-e9d8e4036c93,Qantas,2025-11-21,281.7,Prepare for your flight QF623 to Melbourne on 15 N-924cadb2.eml,27837e91-acb1-42e3-b1da-88ef3de6ede1,f252ef54-42b6-44f1-b4cb-e8afcb242466,2a3b98ea-ed3c-4d7c-84e1-f815cc098bf8
skipped,target has 1 attachment(s) in Xero,2025-11-11,Qantas,249,Qantas,2025-11-09,249,receipt_email,1,07e7fd2a-6154-46c2-a8ae-6a714fedecf5,Qantas,2025-11-11,249,Download 399820149-e-ticket-F6HOJ8.pdf,65c63446-3592-4f23-aeb0-058fb3434774,9c18a7e6-475e-4483-ad6f-8f37718941c0,8ec85afb-a2c4-4ff9-bc72-bce0b42b3ce3
skipped,target has 1 attachment(s) in Xero,2025-11-11,Uber,75.07,Uber,2025-11-10,75.07,receipt_email,1,f54afd9f-059d-4a86-b147-92f7719e8ecf,Uber,2025-11-11,75.07,Elevate your rides with Uber Business Black in Syd-f54afd9f.eml,74663bca-d1d9-406b-b64d-64a45d580201,facf825b-0c81-4155-89eb-c3c09404b10d,4d830eeb-8c65-4e36-ab13-08fbac1a93db
skipped,target has 1 attachment(s) in Xero,2025-11-11,Uber,65.52,Uber,2025-11-08,65.52,dext_receipt,1,b50b7134-33b1-4d88-a301-ceaab284e357,Uber,2025-11-11,13.3,Uber-receipt.pdf,237b7bea-dc64-4cb9-b446-14f9d06ea812,8a20f430-18cb-40aa-9c7a-d6df2b111c6f,efe6aefe-0f39-48a1-9cc1-72d928322933
skipped,target has 1 attachment(s) in Xero,2025-11-12,Uber,90.45,Uber,2025-11-10,90.45,receipt_email,1,6b61bde8-d090-4696-925f-07bdcf108f9b,Uber,2025-11-12,90.45,A Curious Tractor  Your Tuesday morning trip with-6b61bde8.eml,50684f0b-15c0-475c-b4b1-8763dd6afd64,540ac64e-39a4-4b77-a59d-fde41a260ad7,542ce3c8-3a14-47f3-a745-1fdb1166644d
skipped,target has 1 attachment(s) in Xero,2025-11-12,Uber,40.99,Uber,2025-11-23,41.63,dext_receipt,1,547ddba4-3777-49b0-9c76-4e0d660e36bd,Uber,2025-11-26,17.03,receipt.pdf,12d2a7c4-bf42-4529-a013-06da7e459455,f56c5ef6-ce82-4c50-b0f4-f5cf991f9a9d,b4ca4ddd-22b7-4fee-b2e9-bc4b03bc220a
skipped,target has 1 attachment(s) in Xero,2025-11-17,Qantas,718.5,Qantas Group Accommodation,2025-11-14,718.5,dext_receipt,1,9a247134-7970-4b85-a942-dd3321109824,Qantas,2025-11-17,718.5,Qantas-Group-Accommodation-receipt.pdf,0b58320d-5062-411c-94b1-fd383a9f7262,e6085a9b-e0f7-4180-a92a-7fae4e393a9f,60d929bc-0777-47a4-b170-97d05ad82a55
skipped,target has 1 attachment(s) in Xero,2025-11-17,Qantas,275,Qantas Group Accommodation,2025-11-14,275,dext_receipt,1,6e68ffca-a83e-43dc-aff8-733f1bd00536,Qantas,2025-11-17,275,Qantas-Group-Accommodation-receipt.pdf,513f984a-0883-4e8b-afff-9689e9daced2,f54c3bcc-40be-45c8-836e-07d1102ba3c7,47c00f86-97ca-4eac-90be-4351fdc0b459
skipped,target has 1 attachment(s) in Xero,2025-11-17,Qantas,176.38,Qantas Group Accommodation,2025-11-14,176.38,dext_receipt,1,b9a1e4cc-bf88-42ff-8a40-d4cff80bc2ab,Qantas,2025-11-17,176.38,Qantas-Group-Accommodation-receipt.pdf,36274a92-daea-4635-b489-a5e966f53b6d,a3513ac8-fbd3-4dd7-8af3-068b4b0ba96c,c7f5d8b5-fa93-45c0-b270-1e79a35b4f3e
skipped,target has 1 attachment(s) in Xero,2025-11-17,Qantas,135,Qantas Group Accommodation,2025-11-14,135,dext_receipt,1,b9a880a3-682d-4d4f-92be-b61ec80dce7b,Qantas,2025-11-17,135,Qantas-Group-Accommodation-receipt.pdf,74cc34e1-20e7-418f-8624-cd8944a6a011,99fa5045-43b6-4984-97ca-c19ea0127823,54df905f-33f0-4b52-9c77-a970cf3c70bb
skipped,target has 1 attachment(s) in Xero,2025-11-17,Telstra,80,Telstra,2025-11-14,80,dext_receipt,1,56af1e2a-2e8c-4fe4-8582-73b4759e501f,Telstra,2025-11-15,80,Telstra-receipt.pdf,78ec3703-1439-4c57-a0e9-fa0c1c476972,fcf1f6cc-02ec-4a5e-84c8-c85a1b9edf31,9fcbdfe5-0f75-4dca-97ae-03808395dab1
skipped,target has 1 attachment(s) in Xero,2025-11-17,Uber,65.17,Uber,2025-11-12,65.17,dext_receipt,1,06dd5ae1-dc8d-4c0d-8d59-46b894b139b0,Uber,2025-11-12,40.99,Uber-receipt.pdf,f9c861b6-9bce-48a5-bd5c-d08dc3d9aabc,31e837f5-64cb-485d-8968-d7dc361b58f8,fb51c26a-4ca5-4106-94e2-a83face342d2
skipped,target has 1 attachment(s) in Xero,2025-11-17,Uber,57.04,Uber,2025-11-23,57.04,receipt_email,1,6d1174dc-35c0-447e-a270-d57c9901d536,Uber,2025-11-17,57.04,A Curious Tractor  Your Sunday afternoon trip with-6d1174dc.eml,4b944708-321a-4905-8635-09736df9bb57,75293893-ec04-410a-b0f8-9d3c1e336a94,2983b671-a2ec-4055-a21c-5389a8391fd3
skipped,target has 1 attachment(s) in Xero,2025-11-18,Qantas,1199.29,Qantas,2025-11-19,1199.29,receipt_email,1,49450376-91b7-48e3-89e9-2be6662d3d4b,Qantas,2025-11-18,1199.29,Download 403096388-e-ticket-E8CR6D.pdf,02ac576b-4b4b-4298-829a-4d5857d7b821,858d9d9e-6a1d-4b39-9ae5-e776c555af37,8d4dea0e-7a0a-4687-8c31-ce7cac9233fb
skipped,target has 1 attachment(s) in Xero,2025-11-20,Defy Design,16813.5,Defy,2025-11-19,16813.5,dext_receipt,1,391d6ea2-ce1e-4313-8eb5-695c815c908c,Defy,2025-11-19,16813.5,receipt.pdf,5ba688df-4444-411d-b989-0032067c47aa,b187d7dd-bbf4-4774-af3e-0561927c2364,8a6658ae-f5e8-42fc-b683-8f36500ff1e0
skipped,target has 1 attachment(s) in Xero,2025-11-20,Qantas,868.14,Qantas,2025-11-19,868.14,receipt_email,1,2e522faf-20b4-4dbd-87d2-ecc1f0c26fd8,Qantas,2025-11-20,868.14,Download 403097713-e-ticket-E8FQRD.pdf,774b7acc-3d98-4daf-ae22-12b4c1fc4478,d888fa00-32b1-4e7c-b0ba-4cfdf9ef7e83,5a0e3377-1ca9-4dd6-ab0b-dfe47cd3afbe
skipped,target has 1 attachment(s) in Xero,2025-11-20,Qantas,766.65,Qantas,2025-11-21,766.65,receipt_email,1,509028e6-a80a-4851-813d-1bbdb133a663,Qantas,2025-11-20,766.65,Download 403812929-e-ticket-FF3BZ3.pdf,0b681460-a9a1-4218-91d8-de827d0730b1,75c1fce8-8ff9-420a-9e98-d3361acd72c3,9311947c-36bd-4ec5-a43b-88dac9238e55
skipped,target has 1 attachment(s) in Xero,2025-11-20,Updoc,39.95,Updoc,2025-11-18,39.95,dext_receipt,1,a75d6b88-74aa-47dd-a6ae-0f2051d35029,Updoc,2025-11-19,39.95,Updoc-receipt.pdf,febf0a02-1c52-4d23-8d74-a60cc5b5cf5b,090acf0d-e3d7-48bd-b468-a3fdedbcea67,cbfbab3a-08b2-4f9e-950f-f4f3b95e84bb
skipped,target has 1 attachment(s) in Xero,2025-11-21,Qantas,443.3,Qantas,2025-11-26,443.3,receipt_email,1,24fdc9fb-28d8-44e3-875e-ce58e7965460,Qantas,2025-11-21,443.3,A reminder for your Qantas Car Hire booking  Ref A-24fdc9fb.eml,806370cf-92c0-4d39-ba65-677d7aab128f,b8adf5fb-64e8-4422-80bd-9588a2ce22c8,bd5746f2-ae30-477a-b720-167ef8de4014
skipped,target has 1 attachment(s) in Xero,2025-11-21,Qantas,196.27,QANTAS,2025-11-21,218.67,dext_receipt,1,c5e2f33a-1d4c-41b8-924b-2531d8b88d27,Qantas,2025-11-21,443.3,receipt.pdf,3d414731-3d58-4f52-ad73-a7e2160611e9,638350a6-decf-4ee7-b302-ddd42d5b40df,5b8b45a5-3763-45ba-87c6-119113f34a34
skipped,target has 1 attachment(s) in Xero,2025-11-24,Uber,63.05,Uber,2025-11-22,63.05,dext_receipt,1,13d99f1c-b2f7-4951-86dc-7944caf234b5,Uber,2025-11-25,41.63,Uber-receipt.pdf,cccf703f-4e3b-4669-b224-3303665e3fec,a1fe0aa4-24ae-4b67-b82a-eff0c560628d,ed3ee6c2-83b2-4134-8ef5-c5e1347febfb
skipped,target has 1 attachment(s) in Xero,2025-11-25,Qantas,1636.08,Qantas,2025-11-21,1636.08,dext_receipt,1,c5e2f33a-1d4c-41b8-924b-2531d8b88d27,Qantas,2025-11-21,443.3,Qantas-receipt.pdf,4e66d749-7713-40ce-b6d0-c21a9491da5e,5c28607b-2618-47a4-a295-4fe198ed63ea,73cc3bce-ed14-4fb4-b605-8a55cf81107c
skipped,target has 1 attachment(s) in Xero,2025-11-25,Qantas,593.2,Qantas,2025-11-22,593.2,dext_receipt,1,b46c7e26-25fa-4f15-a902-af26e55738b3,Qantas,2025-11-25,593.2,Qantas-receipt.pdf,aa76d33d-a4c4-4169-991e-80df2b6a7de5,e1e96263-a1a0-4098-9c4f-16dafd07cac1,d03764d6-bc12-4609-ad95-c52fda743846
skipped,target has 1 attachment(s) in Xero,2025-11-25,Uber,41.63,Uber,2025-11-27,45.07,dext_receipt,1,547ddba4-3777-49b0-9c76-4e0d660e36bd,Uber,2025-11-26,17.03,Uber-receipt.pdf,5c2764e4-3e2e-45cc-bd88-71a0b6b32a36,4914fc91-0d8d-467f-a62a-ec1096e263f9,e6b6518b-a893-43ee-a33d-af68daddab7d
skipped,target has 1 attachment(s) in Xero,2025-11-25,Uber,19.33,Uber,2025-11-24,19.33,receipt_email,1,23d0479b-4d32-4f30-b4ff-1013534e3885,Uber,2025-11-25,19.33,A Curious Tractor  Your Monday morning trip with U-23d0479b.eml,be2327b0-b990-4c69-b0e9-3953ee0a7958,f26ecd99-a366-42eb-860c-c17adac333ff,7aa7ee90-14ae-4559-b463-6933d064b439
skipped,target has 1 attachment(s) in Xero,2025-12-01,Uber,81.6,Uber,2025-11-30,81.6,receipt_email,1,b6f97731-833d-4851-bb8f-731360a0e80d,Uber,2025-12-01,81.6,A Curious Tractor  Your Monday morning trip with U-b6f97731.eml,d9cceaea-df1f-4774-b38d-75f9e8196f8c,41e24623-c5e3-4d4a-95fd-6a24834e494c,40da9e26-862a-45f7-a3bd-5c558d8546bd
skipped,target has 1 attachment(s) in Xero,2025-12-01,Uber,56.98,Uber,2025-11-30,56.98,receipt_email,1,2be7497d-4ea9-480d-aa87-17f3133c2306,Uber,2025-12-01,56.98,A Curious Tractor  Your Sunday evening trip with U-2be7497d.eml,af8dceb7-c614-4738-8451-a70700b403ac,2595acbd-eb0b-4295-8075-fe1a84c60d7d,473548c9-ffc8-448c-b1a5-fb7d777b5adc
skipped,target has 1 attachment(s) in Xero,2025-12-01,Uber,47.51,Uber,2025-11-27,42.66,dext_receipt,1,547ddba4-3777-49b0-9c76-4e0d660e36bd,Uber,2025-11-26,17.03,Uber-receipt.pdf,8a937514-6b2c-4943-b50d-b6afed9ae006,c8d55929-b067-4424-94b4-36959295833b,58213f9e-f491-4827-8194-326089d276c7
skipped,target has 1 attachment(s) in Xero,2025-12-01,Uber,45.07,Uber,2025-11-29,45.07,receipt_email,1,e7e365ef-fd44-46a7-923c-74d3bf7df150,Uber,2025-12-01,45.07,A Curious Tractor  Your Saturday afternoon trip wi-e7e365ef.eml,8910961d-dc6b-4459-b594-9f34d455b738,dc266eb4-2789-4b00-8900-636feaef7282,bb078b8a-3c29-452d-9548-ca257752b029
skipped,target has 1 attachment(s) in Xero,2025-12-01,Uber,42.66,Uber,2025-11-30,47.51,receipt_email,1,5d2d79fc-4976-4f95-8f63-9eb22e17c49f,Uber,2025-12-01,47.51,A Curious Tractor  Your Sunday evening trip with U-5d2d79fc.eml,e8d6e141-41e0-48a7-a86f-af99cced5285,8fa732c3-599d-4739-8fbc-2ce7afbbdf2e,cb5b23f1-4ab1-4598-b19f-fa8fa880be5c
skipped,target has 1 attachment(s) in Xero,2025-12-01,OpenAI,33.75,ChatGPT,2025-10-04,33.75,receipt_email,1,0586f730-c29d-43d4-a58f-499f0476ce3e,ChatGPT,2025-09-29,33.75,ChatGPT - Your Business subscription renews soon-0586f730.eml,769680f1-80ad-4f8b-b8b0-5b21ecb6f0f1,61930c7f-8213-485f-858d-2f73103a1611,f7fee944-df44-495d-8739-6a3fadf83ede
skipped,target has 1 attachment(s) in Xero,2025-12-01,Uber,32.84,Uber,2025-11-28,32.84,receipt_email,1,086e4dab-3a02-456b-8f69-32f60135eeb6,Uber,2025-12-01,32.84,A Curious Tractor  Your Friday afternoon trip with-086e4dab.eml,b80d7e63-32eb-48f0-83f4-76560aaeaa74,71210f36-5420-413e-9cc4-88e4e3ff463b,2fae9e6e-ea1a-4a9f-ba92-5acdb7e94129
skipped,target has 1 attachment(s) in Xero,2025-12-01,Uber,24.54,Uber,2025-11-30,27.27,dext_receipt,1,18c78c20-af6c-4270-9854-996889b419d0,Uber,2025-12-03,55.61,receipt.pdf,855f9b25-f491-43ce-9751-ebe090bd7222,77a5a205-cee3-45b5-818f-50e208066d98,acb88b7d-06e1-466e-8e66-87790074945d
skipped,target has 1 attachment(s) in Xero,2025-12-02,Qantas,975.23,Qantas,2025-11-28,975.23,dext_receipt,1,2e2f8517-ed5f-467f-99a1-38cde0d5b1c9,Qantas,2025-12-02,975.23,Qantas-receipt.pdf,2e3acf61-85c5-4a78-a0ef-b39b068c74b0,3d48616f-bdd9-4e7d-813b-7a14998e0015,3244b606-2f79-4c56-a10a-b21be14a4ddc
skipped,target has 1 attachment(s) in Xero,2025-12-02,Uber,24.11,Uber,2025-11-30,26.08,dext_receipt,1,18c78c20-af6c-4270-9854-996889b419d0,Uber,2025-12-03,55.61,Uber-receipt.pdf,05d510b4-138a-4f4c-8e5b-c49b4af4695b,222a4dc6-307f-4b98-b21e-cdebcdbec0f6,ebc83e7f-601a-4d5a-9b76-8e94b9bd641f
skipped,target has 1 attachment(s) in Xero,2025-12-03,Bunnings,632.52,Bunnings Warehouse,2025-11-29,632.52,dext_receipt,1,aad2ce47-726d-4cb0-ac54-96489bb9f01b,Bunnings Warehouse,2025-12-02,49.98,Bunnings-Warehouse-receipt.pdf,f79a512b-30c0-427c-b5f2-218e18a1a3f6,2a2ee821-5b51-417b-9d65-29b347085278,01326693-c9dc-4d7e-a576-784bfe3285f9
skipped,target has 1 attachment(s) in Xero,2025-12-03,Uber,55.61,Uber,2025-11-28,56.98,dext_receipt,1,0140b640-5b2b-46d1-a091-15faadfd544b,Uber,2025-12-01,42.66,Uber-receipt.pdf,0ce47836-89a4-4e1e-a8de-552a260b19ef,ca90e52d-5ca9-4de6-b7a5-41b695b14a0f,10d98f9e-f800-4ffe-a49a-0ff5c8f3a94a
skipped,target has 1 attachment(s) in Xero,2025-12-04,Bunnings,2885.9,Bunnings Warehouse,2025-11-30,2885.9,dext_receipt,1,aad2ce47-726d-4cb0-ac54-96489bb9f01b,Bunnings Warehouse,2025-12-02,49.98,Bunnings-Warehouse-receipt.pdf,83858b21-7890-4e4a-8654-9a48040b70e0,1115575a-82f2-4c6c-be7e-15f9d6721260,7f94dd3f-74d8-4a42-af29-caf3611e99f1
skipped,target has 1 attachment(s) in Xero,2025-12-04,DTF Direct,288.49,DTF Direct,2025-12-01,288.49,dext_receipt,1,d158db7a-5281-4dad-9e3f-a56f376586ad,DTF Direct,2025-12-02,288.49,DTF-Direct-receipt.pdf,b6f5e954-0278-442a-a8cf-2f655c8885a9,ef2f282e-237b-4adc-9b96-34d30ed03557,8e0699cf-df85-45cc-af54-e7554e92e4dc
skipped,target has 1 attachment(s) in Xero,2025-12-04,Bunnings,131.58,Bunnings Warehouse,2025-11-30,131.58,dext_receipt,1,aad2ce47-726d-4cb0-ac54-96489bb9f01b,Bunnings Warehouse,2025-12-02,49.98,Bunnings-Warehouse-receipt.jpg,c8d1d9d7-02dd-4d24-b5bb-8c63a975e4d4,f47c3453-28ac-4cc2-ba30-65a9bc287a9b,25522a0e-91d2-480e-817e-05c5952d7ebc
skipped,target has 1 attachment(s) in Xero,2025-12-08,Cactus Jacks,717.5,Cactus Jacks Bar and Grill,2025-12-02,708.85,dext_receipt,1,3c0c7943-d0a7-41da-b81f-b3b683b94209,Cactus Jacks Bar and Grill,2025-12-03,708.85,Cactus-Jacks-Bar-and-Grill-receipt.pdf,f5d16778-0351-465f-9e4c-67cee8292c1c,7b464295-4624-4fe0-b2f3-54166f463338,c303e6a5-bc15-4485-bc5f-f7bf295e7589
skipped,target has 1 attachment(s) in Xero,2025-12-08,Uber,91.83,Uber,2025-12-07,91.83,receipt_email,1,4588984a-8335-4d88-886f-e86ea1d47fcf,Uber,2025-12-08,91.83,A Curious Tractor  Your Sunday evening trip with U-4588984a.eml,486b6891-6811-4936-8414-fc0bed081520,2c515a22-25e5-4c73-be32-bb7993b6c3ef,79a63380-b761-4a68-9763-1cd481e19818
skipped,target has 1 attachment(s) in Xero,2025-12-08,Uber,68.55,Uber,2025-12-07,68.55,receipt_email,1,e3a645b1-b85d-4fb2-b5af-5fa43f7aa0c4,Uber,2025-12-08,68.55,A Curious Tractor  Your Sunday afternoon trip with-e3a645b1.eml,5c6d2942-60a0-4db3-8dcf-dc202999dc12,97df245d-9901-4b15-958d-88f540f40de3,c3501058-0a83-44b4-931d-c16d928e1ff1
skipped,target has 1 attachment(s) in Xero,2025-12-08,Uber,67.5,Uber,2025-12-08,74.48,dext_receipt,1,08391f7b-39c2-4d06-a5e3-16a34325f319,Uber,2025-12-10,16.1,Uber-receipt.pdf,685ae3d4-0598-430b-88b1-d55a76739536,905a49d7-9158-42ff-ae9e-d092de67245e,d74a8f79-afaf-46a4-a7fc-43b901cc3e25
skipped,target has 1 attachment(s) in Xero,2025-12-09,Uber,177.48,Uber,2025-12-08,177.48,receipt_email,1,bf61c1fb-8168-4815-a27e-3340f0cfa24d,Uber,2025-12-09,177.48,A Curious Tractor  Your Tuesday morning trip with-bf61c1fb.eml,e41b5375-1c69-48d8-bc77-ff5e966467f3,5acae499-acf7-4283-a710-5c930d156f66,fa59629f-37d0-40af-9803-4bc4c8e387a5
skipped,target has 1 attachment(s) in Xero,2025-12-09,Product Of Italy Minchoury,61,Product Of Italy Minchoury,2025-12-08,61,dext_receipt,1,427a8826-df3b-4d37-ad9f-369902c80e16,Product Of Italy Minchoury,2025-12-09,61,Product-Of-Italy-Minchoury-receipt.jpg,646c63e0-b7e2-4244-8abc-902b5c624d7a,0b73785b-3d62-407b-aa70-df927093ffb8,0f3ff110-e6d3-43c6-a605-d39f777aa3e5
skipped,target has 1 attachment(s) in Xero,2025-12-09,Uber,58.63,Uber,2025-12-15,58.63,receipt_email,1,bf927654-5f12-4f82-a120-35bed32aa51d,Uber,2025-12-09,58.63,A Curious Tractor  Your Monday afternoon trip with-bf927654.eml,c0924251-8e4c-4b60-9d67-e1b79b08198d,68b3bc99-79dc-46c2-aea0-41e6ae6b1d26,fb901179-a083-472e-9bc4-4012dd0a49f4
skipped,target has 1 attachment(s) in Xero,2025-12-09,Uber,47.44,Uber,2025-12-16,46.22,receipt_email,1,e83d05ca-c513-4a44-999a-603257c12572,Uber,2025-12-10,46.22,A Curious Tractor  Your Tuesday evening trip with-e83d05ca.eml,7be4edd5-353b-4cb8-b86c-c4d412899943,70be9a20-cd0e-4a65-9809-c970f8f0e6db,e76de7da-a74b-462f-ba69-7d56fc5d47dd
skipped,target has 1 attachment(s) in Xero,2025-12-09,Uber,46.25,Uber,2025-12-15,47.44,receipt_email,1,7bea5685-b0c5-4f70-bcbf-ed784c6cb0ed,Uber,2025-12-09,47.44,A Curious Tractor  Your Tuesday morning trip with-7bea5685.eml,671db895-291d-4c09-81a3-6bf0402c6f0c,dad6b0ef-d9fe-4953-9cb3-6a3194f110e1,f5132795-0fc4-470d-b1f3-014e12df8653
skipped,target has 1 attachment(s) in Xero,2025-12-09,Uber,39.37,Uber,2025-12-06,39.37,dext_receipt,1,f67e0843-b4e7-487d-8abe-445c8d0dcc76,Uber,2025-12-09,3.94,Uber-receipt.pdf,c37bc05b-452f-4318-b543-9642bf3413fd,dd0a265d-15d9-4a0e-b0c9-b91072f14657,562f4143-b30b-45e9-9b0c-e6226a880feb
skipped,target has 1 attachment(s) in Xero,2025-12-09,Uber,32.07,Uber,2025-12-06,32.07,dext_receipt,1,1c76fa20-fc2b-4cbe-8648-076314e09706,Uber,2025-12-09,46.25,Uber-receipt.pdf,b42a5c16-5dde-4ce6-9f34-94cf477445ef,ea5e265c-2a31-4cbe-8ab9-42ef6bad3807,ec126e01-2782-48a7-9949-3060e5b18bf9
skipped,target has 1 attachment(s) in Xero,2025-12-10,Celebrants Australia,100,Celebrants Australia Incorporated,2025-12-07,100,dext_receipt,1,c75ee6db-152c-4664-b34d-a13badc99d9e,Celebrants Australia Incorporated,2025-12-09,100,Celebrants-Australia-Incorporated-receipt.pdf,11d95c6d-a9fa-4dcb-86ee-04af9170327f,1682321f-565a-45c1-9339-6b125d23878c,5f16a932-3fd2-43eb-aa60-097d0f47e90e
skipped,target has 1 attachment(s) in Xero,2025-12-10,Uber,74.48,Uber,2025-12-14,74.48,receipt_email,1,b66f3ef4-b98f-4304-a6c4-4351931a7c29,Uber,2025-12-10,74.48,A Curious Tractor  Your Monday morning trip with U-b66f3ef4.eml,bcd64e4c-e465-4a2a-8f72-e8dd25896c23,e2ac4657-ed9a-4534-9dbd-d77ad6051c40,bbb7b215-9d78-4c0b-8e18-ce260067d7c5
skipped,target has 1 attachment(s) in Xero,2025-12-15,Mighty Networks,179.43,Mighty Networks,2025-12-14,178.76,xero_me,1,4f3b2cf1-c719-45cc-a9f7-15ba1389db28,Mighty Networks,2025-12-14,178.76,19392498320.pdf,aa47a397-5c26-43d0-83b1-e2bda1c22ff0,b58bf913-0749-4872-853e-710cde916bf8,d2c5f887-f66a-46a3-b414-d4c13eab371d
skipped,target has 1 attachment(s) in Xero,2025-12-15,Qantas,135,Qantas Group Accommodation,2025-12-13,135,dext_receipt,1,ccfca943-ca2a-46fd-80b0-d074d69d7f89,Qantas,2025-12-15,135,Qantas-Group-Accommodation-receipt.pdf,b610c8bf-1c94-42fd-88d0-a405205a64dc,4fb50d62-bfcb-4740-9ed8-5c9c4470bce0,a62ac721-6abe-4da1-98f3-d6b39e30ece6
skipped,target has 1 attachment(s) in Xero,2025-12-15,OpenAI,90.58,OpenAI,2025-12-11,90.39,xero_me,1,77977193-132a-424c-8c14-07570ed6dc71,OpenAI,2025-12-11,90.39,19398117240.pdf,eefe65dc-d136-4693-8c77-1c33aadefefc,2baf7818-5bfb-4b7c-9cfc-9af2b721b76d,d6ef8833-61e6-4bad-abfc-5a843cd3c15b
skipped,target has 1 attachment(s) in Xero,2025-12-15,Webflow,69.66,Webflow,2025-12-14,69.4,xero_me,1,e01cf6e2-cdd8-4d2f-81d6-b1141146dcda,Webflow,2025-12-14,69.4,19392571490.pdf,ffdadde3-3b0d-48d2-9619-e4163108897c,e23c29ab-6e88-4105-a8cf-872391b10de5,8817cbf9-6b73-4dc6-b60e-2267a32f8e3b
skipped,target has 1 attachment(s) in Xero,2025-12-16,Qantas,114.33,Qantas,2025-12-12,114.33,dext_receipt,1,7657125a-2cdf-4cc0-ab4a-7bba34aecca0,Qantas,2025-12-15,171,Qantas-receipt.pdf,9f8b514e-f279-4919-b60b-3fa579205b33,f6b1b557-955a-4590-b403-279758b16b71,88148da0-7bd9-424c-9d70-0e8c4689b680
skipped,target has 1 attachment(s) in Xero,2025-12-17,Hanuman Restaurant,77.72,Hanuman Alice Springs,2025-12-14,76.5,dext_receipt,1,c282c785-926f-46b1-96c0-5fa39901ff5b,Hanuman Alice Springs,2025-12-15,76.5,Hanuman-Alice-Springs-receipt.jpg,1ec97b5d-99d6-4754-b9c8-796a8ef3d730,8e8a4beb-ffdc-44c4-8b3c-763389320acf,bd1599b6-570b-42ee-a80c-83990391b65d
skipped,target has 1 attachment(s) in Xero,2025-12-17,Webflow,69.66,Webflow,2025-12-16,69.61,xero_me,1,88db9ff2-8014-44fd-9cb3-0885e8d5f4e3,Webflow,2025-12-16,69.61,19392571510.pdf,80cf584a-d77e-4081-8efe-ecab7a1a074e,8532e9e4-7506-4b25-aaff-09626db3dacd,91a5717d-3175-4d9b-92e2-993f0455e70c
skipped,target has 1 attachment(s) in Xero,2025-12-17,Uber,19.49,Uber,2025-12-16,17.77,receipt_email,1,4f23ca33-22e5-4f3a-94a0-4ddad34a29a9,Uber,2025-12-10,17.77,Benjamin welcome to Townsville-4f23ca33.eml,cbaa8d68-5270-4cef-baf5-3e60769a42bd,78e6b40b-b55f-4ca8-91e9-d1791ddfc173,c77715aa-de98-4dc9-979e-fcccab400d29
skipped,target has 1 attachment(s) in Xero,2025-12-18,Qantas,130,Qantas,2025-12-15,130,dext_receipt,1,7657125a-2cdf-4cc0-ab4a-7bba34aecca0,Qantas,2025-12-15,171,Qantas-receipt.jpg,b40ef210-118b-4149-9ac1-40194e4e2352,bb1baecd-696a-4398-9021-1eadbaa08589,1ed558bf-d3b0-4135-a477-3332d28292fb
skipped,target has 1 attachment(s) in Xero,2025-12-18,Telstra,80,Telstra,2025-12-15,80,dext_receipt,1,ab69aff4-82a8-4428-95ab-6834a87eb7f6,Telstra,2025-12-16,80,Telstra-receipt.pdf,a3b9f99e-3b48-43e5-b884-2f1db62395c3,01676850-666d-4581-a3d7-c4ecda67ef79,f3ccf421-9a73-43c1-b888-38b195623463
skipped,target has 1 attachment(s) in Xero,2025-12-18,The Beach Hotel,8.13,Beach Hotel,2025-12-17,8,xero_me,1,3f7b4894-0ffb-4d7e-b69b-083cea81d6f4,Beach Hotel,2025-12-17,8,19044485610.jpeg,a10e2c27-7a09-41cf-b021-735a8053af91,f014ce10-dbcc-4662-96ac-e081c7133f56,7c30c2f1-e632-4ae3-b14c-adeb9bb4310f
skipped,target has 1 attachment(s) in Xero,2025-12-19,Qantas,259.16,Qantas,2025-12-16,259.16,receipt_email,1,f1f4f292-cd94-45be-aa9f-0bcc0796d4fc,Qantas,2025-12-19,259.16,Download 411551510-e-ticket-E7CEM9.pdf,437a15d5-cc59-4643-a2f4-23d9acccc3cc,0cdf53d9-0aa1-4752-b45e-62bb3876c48e,0b17d473-2cf2-4c75-be7c-2037ed151ddb
skipped,target has 1 attachment(s) in Xero,2025-12-19,Qantas,242.23,Qantas,2025-12-21,242.23,receipt_email,1,72c4f7a4-3f1f-4787-bbe0-4d4ab3ba4065,Qantas,2025-12-19,242.23,Download 413047135-e-ticket-FRN7VA.pdf,60352b50-afc6-4815-8760-b6ddf97d2df4,8394b52f-cc0c-4041-b7a0-e830acc319b2,4c4dac51-9d09-4e8a-8716-b421fd1d9f57
skipped,target has 1 attachment(s) in Xero,2025-12-19,Qantas,56.37,Qantas,2025-12-25,56.37,receipt_email,1,2a2eb924-5179-49ea-a0d9-d3d3d8094f4c,Qantas,2025-12-19,56.37,Download 413902464-e-ticket-E7BH4F.pdf,ed758295-5a79-4540-8020-7eca654d4c17,e1cf3090-f4ec-4c8b-93f9-3a7745705a02,88b39742-45c2-4a1b-bd14-1d2a1759f363
skipped,target has 1 attachment(s) in Xero,2025-12-22,BP,155.72,BP,2025-12-19,155.72,dext_receipt,1,52c8838a-ea82-4a0d-a5ca-3c01e2d079e8,BP,2026-02-06,161.9,BP-receipt.jpg,68e0ede0-2e52-44d9-bf29-8849830a77b8,9b6390f3-fbf0-4d86-8e95-d59f739e68e8,dee08df9-f40c-4b7c-9d74-ab14b46c7bc9
skipped,target has 1 attachment(s) in Xero,2025-12-22,Yianis Greek Restaurant,139.06,Yianis Greek Restaurant,2025-12-19,137,xero_me,1,9059b366-7f20-483a-8de5-54386ecc5f07,Yianis Greek Restaurant,2025-12-19,137,19075699050.jpeg,5e0d617d-ee94-4a56-adf7-d062da15b0ac,0a27eec8-814b-48d5-a9e5-1e10353d7a1b,e7ba07f0-32db-4d66-8270-2d11ff69080c
skipped,target has 1 attachment(s) in Xero,2025-12-22,Webflow,48.36,Webflow,2025-12-24,43.22,xero_me,1,9e30d8d9-3dc7-451c-95fb-1faeb1fbec0a,Webflow,2025-12-24,43.22,19392571550.pdf,0a3f053b-5306-4d79-ab0a-d82a177ef846,d8ff7077-3cab-492a-b146-348c4920904f,8a05c93d-3ddf-4968-ad67-a093f152be4f
skipped,target has 1 attachment(s) in Xero,2025-12-22,Updoc,39.95,Updoc,2025-12-19,39.95,xero_me,1,a0866a25-4009-4980-a2aa-450fe5874b0a,Updoc,2025-12-19,39.95,19391068150.pdf,7af3d259-7ecb-46e5-a4b3-a3417c2f8240,23cae452-f0b8-47f8-a88d-35f848a4f7ad,d80c594d-25a0-4afa-a86b-c0b466c39fb3
skipped,target has 1 attachment(s) in Xero,2025-12-29,Qantas,289,Qantas Group Accommodation,2025-12-27,289,dext_receipt,1,987813dd-e6cb-4578-81db-7bceca656e19,Qantas,2025-12-29,289,Qantas-Group-Accommodation-receipt.pdf,c966c2a2-524b-4a20-b5f7-405a0f80caee,60f91c65-c0e5-402a-9345-42cf3ca656e9,c75899c3-1138-40d0-baf4-106059054275
skipped,target has 1 attachment(s) in Xero,2025-12-29,Dialpad,56,Dialpad,2025-12-28,56,xero_me,1,54cc39f1-35cd-4b94-8672-38b5b198789e,Dialpad,2025-12-28,56,19391082540.jpeg,e3b360ea-ca38-42fb-b990-69b01ae5210d,2a06281d-3a07-4180-8c1e-faec63f2bc18,13519cbf-1159-4c30-a266-578b054c47bb
skipped,target has 1 attachment(s) in Xero,2025-12-29,Webflow,43.6,Webflow,2025-12-24,47.54,xero_me,1,14860dcb-3b67-4f45-b678-c77ab4557213,Webflow,2025-12-24,47.54,19392571580.pdf,254a577e-dc9d-4621-bf74-59002887bec3,5ea6034b-929d-4acb-a7ee-a6c0f6225f48,2a166220-07c7-47c9-8d30-17b52352f818
skipped,target has 1 attachment(s) in Xero,2025-12-29,Webflow,39.43,Webflow,2025-12-26,39.37,xero_me,1,1f5b1893-c630-4ac1-8d50-3316775fb862,Webflow,2025-12-26,39.37,19392571620.pdf,671f3b57-8933-4c17-b4e6-526061f6f6f6,0757910c-0d00-4705-8d5f-51e4f9ae5104,567ceaee-1ea7-4dd6-91ee-4c91d3c4d234
skipped,target has 1 attachment(s) in Xero,2025-12-29,OpenAI,14.94,OpenAI,2025-12-25,14.91,xero_me,1,7bc456a8-41c0-4a54-8f2d-59b3b1727b09,OpenAI,2025-12-25,14.91,19398130850.pdf,1221c608-e087-4927-977e-c5a39dbb20a1,fb97d0fa-f57d-4b85-9cbb-2a23cc0a4e64,4a4b31bf-7863-4158-abb4-6a1d54641f4d
skipped,target has 1 attachment(s) in Xero,2025-12-30,Piggyback,160.3,Piggyback,2025-12-25,158.7,dext_receipt,1,94af9504-a786-420b-81f8-f14ce01a843e,Piggyback,2025-12-26,158.7,Piggyback-receipt.jpg,83fe47d5-0ac4-4213-891f-635770328e1d,ac04f9cd-5267-4094-8baf-1c54a1b1f311,239be7c6-f85b-4b84-9063-410997989cb2
skipped,target has 1 attachment(s) in Xero,2026-01-02,DocPlay,9.99,DocPlay,2026-02-28,9.99,receipt_email,1,ce38eadb-ad32-41c4-9003-2004353143e2,DocPlay,2026-03-03,9.99,Invoice-PTJQ79UH-0005.pdf,2706c940-e7eb-4fe5-a2d9-3ce768c8ccb6,aefba883-8c3f-4ebf-853c-3a1d6eeb236b,48493398-c87f-403b-b992-9cbf25e53237
skipped,target has 1 attachment(s) in Xero,2026-01-05,Starlink,150,STARLINK INTERNET SERVICES,2026-01-02,150,xero_me,1,fd2b64e9-aa4a-464c-800d-fde07d1c7c06,STARLINK INTERNET SERVICES,2026-01-02,150,19391859030.pdf,07090c0a-4de5-4181-aa97-a29c226bbd45,86032630-384d-4d68-8ed4-ef6d27ad8c48,d2025751-6ae8-4ca9-bf5b-d9c2d39a0272
skipped,target has 1 attachment(s) in Xero,2026-01-05,Zapier,49.53,Zapier,2026-01-03,49.29,xero_me,1,1d345fa3-2bb0-455c-a249-2957b2c06309,Zapier,2026-01-03,49.29,19391082550.jpeg,072569fa-29de-45aa-b096-18c23a963241,4e6a3e54-b701-4053-89a4-04f212064057,b345a30f-87c7-4379-9bf0-f0214778a11f
skipped,target has 1 attachment(s) in Xero,2026-01-07,Uber,38.58,Uber,2026-01-03,38.58,receipt_email,1,7fe175d3-66f6-4bcb-b603-85857f8d6f6a,Uber,2026-01-07,38.58,A Curious Tractor  Your Saturday afternoon trip wi-7fe175d3.eml,ef0ba297-bcf5-4d5b-a9c0-ada701ec1828,bb9f7a04-f58a-4b1c-8848-f4f93d6bdc0e,27e7af65-c484-4210-ade1-52f61ef9e7fe
skipped,target has 2 attachment(s) in Xero,2026-01-08,Uber,128.73,Uber,2026-01-11,128.73,receipt_email,1,a9041870-4a26-477f-9014-11513976a2da,Uber,2026-01-08,128.73,A Curious Tractor  Your Monday morning trip with U-a9041870.eml,08c90924-87a7-4fff-90b2-5dc80a39c136,5fa0abbe-3968-4243-842a-476ebe61096f,260bde61-3d16-4ee9-97f2-f9feebd9b9ec
skipped,target has 1 attachment(s) in Xero,2026-01-08,Uber,9.99,Uber,2026-01-12,9.99,receipt_email,1,0129f949-a9b2-4fd1-ac26-19c1cc7233b0,Uber,2026-01-08,9.99,A Curious Tractor  Your Monday afternoon trip with-0129f949.eml,385900f0-75c9-4417-abc9-009a3cf43cc8,19f9fe52-b7ee-487e-a895-849f61bd9d56,e8f0b9e8-a244-4fff-8e90-a182d3ae4bbe
skipped,target has 1 attachment(s) in Xero,2026-01-12,Anthropic,16.51,Anthropic,2026-01-11,16.41,xero_me,1,81238a01-a72e-4de0-9bba-ab196b1cf075,Anthropic,2026-01-11,16.41,19391834400.pdf,b17dfb0c-80be-4521-bfca-15a717d3bcce,953e67d2-3f5c-4356-b5ad-07d7b8466253,ee54c604-d9f2-4c5b-ab4f-4d59beac2ea7
skipped,target has 1 attachment(s) in Xero,2026-01-13,WI-FI ONBOARD VOZ WEST RYDE,19.95,Wifi Onboard,2026-01-11,19.95,xero_me,1,7ee27027-a759-4bab-8f83-df74e3e3c8d0,Wifi Onboard,2026-01-11,19.95,19391831070.jpeg,5d998472-27d6-4451-8a60-e6a9ff50840e,49a65f35-0e7b-47d0-9ddf-71014c143084,c984ba8a-f13d-49c4-9025-8b7a71c78d0c
skipped,target has 1 attachment(s) in Xero,2026-01-15,Webflow,69.25,Webflow,2026-01-14,68.98,xero_me,1,d58ba2f5-feb0-48d2-8dcc-b9b6644fd105,Webflow,2026-01-14,68.98,19392571610.pdf,dc80e2a1-5306-4442-923a-8575877ffafe,372bf450-e46d-4ba8-9b82-211d98694f02,35bf9378-330c-41f3-a6a0-4edc62f5a6e5
skipped,target has 1 attachment(s) in Xero,2026-01-19,MALENY HARDWARE AND RURALMALENY,133.58,Liberty Maleny,2026-01-18,120.58,dext_receipt,1,6ff94768-e15c-4521-92cb-0b1828b7f7c9,Liberty Maleny,2026-01-24,323.67,Liberty-Maleny-receipt.jpg,6125c14d-f091-48be-bfef-85ca598515cc,0b468f95-fbd5-446e-acc2-0b327b91a949,bd350c54-91ea-469a-bcbe-316eb551de7b
skipped,target has 1 attachment(s) in Xero,2026-01-19,Telstra,80,Telstra,2026-01-15,80,xero_me,1,daadc278-fcd3-46ca-82f4-106c7aace6f4,Telstra,2026-01-15,80,19391796730.pdf,ca85af23-441a-4fc5-8e63-8ba98bdc9aab,324d6108-6062-4769-8240-7b0d87fd0c95,5499cfa4-c81a-471a-905a-e2b07967e653
skipped,target has 1 attachment(s) in Xero,2026-01-19,Webflow,69.32,Webflow,2026-01-16,68.93,xero_me,1,25e87b25-efda-4e67-9cff-1aed490fc645,Webflow,2026-01-16,68.93,19391881300.pdf,f1acb933-cfbc-46db-9195-57c3e30a1b7c,a8ad7273-1b2a-4d19-b6e7-4037c003201f,40b45cf1-ff8c-48d0-8dc0-89568a9884dc
skipped,target has 1 attachment(s) in Xero,2026-01-19,Claude.AI,30.91,Cognition AI,2026-01-16,30.91,dext_receipt,1,bf45a7a5-a628-4a68-b723-4d33f71bf7ec,Cognition AI,2026-01-17,30.91,Cognition-AI-receipt.pdf,cabd6c5e-a7c7-4c65-92fa-69b0ef2b524e,2a8de35c-54ed-4b32-a6cc-204bcf772b73,c1f381be-53ee-4126-a227-1e694db22069
skipped,target has 1 attachment(s) in Xero,2026-01-20,Liberty,120.58,Liberty Maleny,2026-01-18,120.58,dext_receipt,1,6ff94768-e15c-4521-92cb-0b1828b7f7c9,Liberty Maleny,2026-01-24,323.67,Liberty-Maleny-receipt.jpg,44664fff-e6ce-4c63-9236-4ab00c55dc82,0b468f95-fbd5-446e-acc2-0b327b91a949,c5ce64c1-9548-4772-a71f-60a2014687dd
skipped,target has 1 attachment(s) in Xero,2026-01-20,Updoc,39.95,Updoc,2026-01-19,39.95,xero_me,1,db39615c-1304-4441-bf24-eedc10347ffb,Updoc,2026-01-19,39.95,19391068190.pdf,f92e74a3-ae22-45c5-878e-2ded1c508917,550815fe-67b8-45a6-9921-8f1ea7c7587a,62c6884d-a4c3-45ab-ae31-465a95f6a050
skipped,target has 1 attachment(s) in Xero,2026-01-22,SQ *NEST IN WITTA Witta,35.7,Nest In Witta,2026-01-21,35.7,xero_me,1,f6237e22-8cee-4593-bf25-0dc72d76bcf6,Nest In Witta,2026-01-21,35.7,19353788040.pdf,718ca24a-67b5-4b85-a761-f329724c9094,d5bcc7db-d5a0-484d-8866-9834b52e4a37,df566626-e8f6-494b-8f29-bb49284fbc2d
skipped,target has 1 attachment(s) in Xero,2026-01-22,Bornga - Sydney,25.38,Bornga - Sydney,2026-01-21,25.38,dext_receipt,1,3f9f4ace-79ef-480b-9f39-72fcda16afa8,Bornga - Sydney,2026-01-22,25.38,Bornga---Sydney-receipt.jpg,78315807-fe5d-47ee-be2c-a7aa45da4fc9,17ae426f-9657-4a88-bd8d-73443382cb02,ffbba26c-3bc2-40da-b18a-61c6092b344b
skipped,target has 1 attachment(s) in Xero,2026-01-23,Supabase,126.83,Supabase,2026-01-21,126.22,xero_me,1,3eb62f52-0b2d-4592-8745-f31cc63d297a,Supabase,2026-01-21,126.22,19391821520.pdf,1f89a040-3892-4ace-95cb-b58183f684e8,9721c4ab-3232-4fec-9d85-95a5e11082e5,839b7663-c501-459e-a380-2456fbf3b67d
skipped,target has 1 attachment(s) in Xero,2026-01-27,CEX PARRAMATTA,540,Complete Entertainment eXchange,2026-01-24,540,dext_receipt,1,52ff0cb1-c1f7-4b43-bd18-4e19ea671af3,Complete Entertainment eXchange,2026-01-25,540,Complete-Entertainment-eXchange-receipt.pdf,1101f85f-f42a-4df9-bc14-878e2a347326,3827cbd9-dfb9-46d6-b81f-0f62c158e9b8,15d34087-25fc-4798-863f-6a4873a38d4e
skipped,target has 1 attachment(s) in Xero,2026-01-27,Qantas,431.73,Qantas,2026-01-25,431.73,receipt_email,1,3ae24c72-511f-4f31-b06c-0d6630d5994c,Qantas,2026-01-27,431.73,Your Qantas Car Hire booking confirmation  Ref AU9-3ae24c72.eml,9ff6850d-2790-4bdd-9207-8423c98e8844,90cf18d7-fd41-4725-ac73-b3737ff7e7cf,73baa36c-38e1-49b2-b798-51474041655d
skipped,target has 1 attachment(s) in Xero,2026-01-27,Liberty,323.67,Liberty Maleny,2026-01-23,323.67,dext_receipt,1,6ff94768-e15c-4521-92cb-0b1828b7f7c9,Liberty Maleny,2026-01-24,323.67,Liberty-Maleny-receipt.jpg,8ea056bb-3fd8-4118-83a0-3513134c0f2d,8cedb9ed-6591-43b1-acbb-bed824d087de,00effbcb-3f33-4b24-9455-8f79a8c2464f
skipped,target has 1 attachment(s) in Xero,2026-01-27,EASEL PRO EASEL.COM IL,312.77,Easel Software,2026-01-27,312.71,xero_me,1,e7018fcc-b993-43e4-b1a5-3c6acb3952ec,Easel Software,2026-01-27,312.71,19517048130.pdf,c4427e58-e348-4ccd-abe4-fe9278a69b48,caae9d20-39dc-408f-87e5-23545a492b7f,374a0cb4-e8db-48e4-9520-3e3141aa6417
skipped,target has 1 attachment(s) in Xero,2026-01-27,GoHighLevel,143.68,HighLevel,2026-01-23,143.68,receipt_email,1,18b0d46d-6ffd-46bb-9f8e-9098c59508a2,HighLevel,2026-01-27,143.68,Invoice-AGAPY3VP-0005.pdf,54ad8c5d-b732-4abd-84f5-ac361843609f,da5aa6f7-02c4-45a0-817d-f0b0da06098f,8988eae9-0114-4ed6-b603-3e027793ccfa
skipped,target has 1 attachment(s) in Xero,2026-01-27,Woolworths,124.89,Woolworths,2026-01-26,124.89,xero_me,1,e5b43589-9e8a-4163-aa05-fc75e7db8928,Woolworths,2026-01-26,124.89,19397912010.jpeg,f1decadc-84b1-4282-a493-b39d7563cce0,11781376-c89d-45bf-8958-2faa2c3ad5f0,ce393b3a-75d0-4be9-bf4b-79727b7186ed
skipped,target has 1 attachment(s) in Xero,2026-01-27,AMPOL CHINDERAH 22163F CHINDERAH,95.66,Ampol,2026-01-23,95.66,xero_me,1,cbde2b7b-3c1b-4b34-9547-0162415734b1,Ampol,2026-01-23,95.66,19384949470.jpeg,1ca2708c-03ce-4407-87a4-8b71c112c37a,f0c40c50-fd62-4279-9794-69e0cc24b4e2,e743b4b0-a716-412b-ae20-2467546a6c01
skipped,target has 1 attachment(s) in Xero,2026-01-27,TRANSPORTMAINRDS BRISBANE,78.18,Dept of Transport & Main Roads,2026-01-22,78.18,dext_receipt,1,204aa527-9a1d-44c6-8244-3a8459bc2d03,Dept of Transport & Main Roads,2026-01-23,78.18,Dept-of-Transport---Main-Roads-receipt.pdf,3013d15f-4f82-4a25-952c-b8172d27e561,f3d2aa01-26cc-420f-ac75-5865a3bc8493,32e5a1fd-7cd1-44fa-9065-ca8b6043d530
skipped,target has 1 attachment(s) in Xero,2026-01-27,Webflow,46.69,Webflow,2026-01-22,46.87,xero_me,1,1d5168d8-acfb-4bed-9826-678d2dc4c004,Webflow,2026-01-22,46.87,19391878530.pdf,0b4c5ac1-d655-417b-b53e-333b8a44a5eb,d180ed83-defc-4683-8d3f-558635938577,6592d3c5-d71e-4b2d-8019-ad32efa407ef
skipped,target has 1 attachment(s) in Xero,2026-01-27,BORNGA SYDNEY PTY LTD SYDNEY,25.38,Bornga - Sydney,2026-01-22,25.38,xero_me,1,3f9f4ace-79ef-480b-9f39-72fcda16afa8,Bornga - Sydney,2026-01-22,25.38,19391184170.jpeg,50084035-93c9-4650-91e9-acacca0172f5,c6123a3b-cc05-4909-9d43-946c236dd5fd,bd9be0ef-40fc-4fda-9f50-93a34fd9406c
skipped,target has 1 attachment(s) in Xero,2026-01-27,Railway,7.32,Railway Corporation,2026-01-24,7.32,receipt_email,1,87889332-2809-4251-b118-8cb493af7b8f,Railway Corporation,2026-01-27,7.32,CreditNote-PADMUZCI-0008-CN-01.pdf,7038ccd8-131a-48c0-bfb3-def764e08a76,ccd541e1-fc3b-46ab-83f6-b0948b6744d7,ed166c69-a4d7-43cd-be72-abca5f6ba24e
skipped,target has 1 attachment(s) in Xero,2026-01-27,SQ *PERRYS SEAFOOD - ABN Dunwich,5.77,Perrys Seafood,2026-01-26,5.77,xero_me,1,985efb07-74cc-4126-8cb6-518e46ab8897,Perrys Seafood,2026-01-26,5.77,19397747950.pdf,7493bf15-8412-42ec-9889-da99d381bf4e,994f5aff-0bd0-4ebe-ae2e-8508e9f662b2,2ac1dd3d-d098-432a-861f-ac951dbc8d2b
skipped,target has 1 attachment(s) in Xero,2026-01-28,SEASONS SUPERMARKET 10 MALENY,366.58,IGA,2026-01-26,366.58,xero_me,1,534ff5e5-fba9-4be6-b489-b86a06ec842a,IGA,2026-01-26,366.58,19397883760.jpeg,68917301-3970-4a38-bdcb-0e461ca5fdfc,6170378e-b4ee-43ed-8e65-bb9e649e22d9,9ef403ce-4173-4abe-aa4b-8eb3e49bdc54
skipped,target has 1 attachment(s) in Xero,2026-01-28,STRADBROKE FLYER GOLD CLEVELAND,22,Stradbroke Flyer Gold Cats,2026-01-26,22,xero_me,1,dd4da561-8623-4f1c-86c4-38f07e381cff,Stradbroke Flyer Gold Cats,2026-01-26,22,19397468940.jpeg,84fcd774-6db2-46e4-8191-c5a49ccc29ef,8e822527-b6f3-4a64-b8e2-1e68d4f437e4,9dfa06a3-bb4c-493b-ac27-fc9222b7b19a
skipped,target has 1 attachment(s) in Xero,2026-01-28,7-ELEVEN 4247 CLEVELAND,11.5,7-Eleven,2026-01-26,11.5,xero_me,1,fb475076-aa2a-4bae-8e5d-c2b422db688c,7-Eleven,2026-01-26,11.5,19398222710.jpeg,f149379a-73f2-482e-9a42-bf2bd67f0f54,8c352c7e-0279-45cd-8752-50f9b1a60cf1,97d79e4b-b768-4dfc-827a-66f1a450a63f
skipped,target has 1 attachment(s) in Xero,2026-01-29,SQ *NEST IN WITTA Witta,44.88,Nest In Witta,2026-01-28,44.88,xero_me,1,3bb35978-9cd0-4e68-a7a4-c1cba5720e4b,Nest In Witta,2026-01-28,44.88,19447944810.pdf,5d6863f6-0905-4cdd-b918-94b21cf9ca36,b124fd0f-a48c-416c-8eed-85c3822068a8,ebda69e1-de93-4c82-913c-80d8cf15c102
skipped,target has 1 attachment(s) in Xero,2026-01-29,Apple,29.99,Apple Pty Ltd,2026-01-26,29.99,xero_me,1,ba7d0988-fd7e-4d3b-9491-f5145cdd91c7,Apple Pty Ltd,2026-01-26,29.99,19448009940.pdf,95d424e9-7fc9-47ee-82c2-502f9d12b184,084a0581-b6dc-4e1c-9552-12e32458cdf2,a51277f1-a55c-4f64-8979-ab0d3c8d8c67
skipped,target has 1 attachment(s) in Xero,2026-01-30,Dialpad,56,Dialpad,2026-01-29,56,xero_me,1,f61bd19d-5de2-4bb2-b243-6b5c20034f36,Dialpad,2026-01-29,56,19432855970.pdf,8bf07008-f358-4414-b98a-48ffba31f5a5,0d087e98-0fc8-4d38-bbc1-91e282873c6e,fc01981d-8d79-4412-8281-133ac5060053
skipped,target has 1 attachment(s) in Xero,2026-02-02,Qantas,145,Qantas Group Accommodation,2026-01-30,145,xero_me,1,7b383c07-7612-41a5-b5b2-2d8ba90997f7,Qantas Group Accommodation,2026-01-30,145,19450939440.pdf,2fac5c82-620d-479a-a04f-bc681e94263f,dd7d510e-ad61-4303-bce5-c6a7c32fe7a1,7c03d517-ea0c-44a7-858a-787477ad16cd
skipped,target has 1 attachment(s) in Xero,2026-02-02,Qantas,135,Qantas Group Accommodation,2026-01-30,135,xero_me,1,c217d464-a259-4016-87ac-264f95e5beca,Qantas Group Accommodation,2026-01-30,135,19450926040.pdf,1c309201-07c6-4a8e-8acb-e5a8854607b8,fa23900d-2ec6-445d-b489-be12362f56ba,7e3db4b8-d9c9-4a6a-a3f9-a6721da7fbde
skipped,target has 1 attachment(s) in Xero,2026-02-02,Qantas,130,Qantas Group Accommodation,2026-01-30,130,xero_me,1,cfd928f4-c16e-4180-85ba-9ed64d7f96e4,Qantas Group Accommodation,2026-01-30,130,19450924160.pdf,eef950c5-324c-4057-80c9-fa528c9e4451,0c82ede8-28f0-4abe-b177-b18041262043,d7c38738-fe49-491e-bc9f-c6bb47bf69e1
skipped,target has 1 attachment(s) in Xero,2026-02-02,SQ *THE ROASTERY CAFE Ciccone,82.98,The Roastery Cafe,2026-01-30,82.98,xero_me,1,fab4332e-6d4a-4c6e-9390-9449f1805ad7,The Roastery Cafe,2026-01-30,82.98,19484971500.pdf,cd87d0a1-0e82-45be-8f86-975ed73eba5c,199b21e0-c28d-463a-89de-7fc244df546f,a2ce5231-c324-40f7-b84d-ebcda515bd92
skipped,target has 1 attachment(s) in Xero,2026-02-02,Uber,46.41,Uber,2026-02-09,42.96,receipt_email,1,305771e0-4eed-4fc1-bfd2-109d0ad7df4a,Uber,2026-02-09,42.96,A Curious Tractor  Your Tuesday morning trip with-305771e0.eml,07d60765-938f-49b3-bc54-8726fa639829,40ec6171-45d0-4388-a14f-34f602625c9c,633a6e1e-944b-4eef-844f-6430d29919b5
skipped,target has 1 attachment(s) in Xero,2026-02-03,Woolworths,88.43,Woolworths,2026-02-02,88.43,xero_me,1,9995a153-a4ec-4d89-b953-d0e35d0924f1,Woolworths,2026-02-02,88.43,19470439250.jpeg,2e10631d-5d64-4b6c-b32f-00687cd6322f,19e2a447-b701-4c60-9928-d91ea32699f7,9eebdd8d-78a6-4ea4-a2e6-8575c1704b88
skipped,target has 1 attachment(s) in Xero,2026-02-03,J R ROWDEN AND F V SNO ALICE SPRINGS,40.16,F V Snowdon And J R Rowden,2026-02-06,39.8,dext_receipt,1,f0e66c57-3347-491d-8800-329f5f900fd5,F V Snowdon And J R Rowden,2026-02-07,39.8,F-V-Snowdon-And-J-R-Rowden-receipt.jpg,29d46003-9299-41c7-b83d-0130869af356,6e9d5623-0290-45ad-904a-97137e19ca89,c0d118c5-3ca0-4dc0-af43-177ccb704c77
skipped,target has 1 attachment(s) in Xero,2026-02-03,J R ROWDEN AND F V SNO ALICE SPRINGS,20.68,F V Snowdon And J R Rowden,2026-02-06,20.5,dext_receipt,1,f79434cb-5e34-46b3-9e07-f9d1410ddd64,F V Snowdon And J R Rowden,2026-02-07,20.5,F-V-Snowdon-And-J-R-Rowden-receipt.jpg,06a224a3-4503-4ac2-a4fc-72b94c61b6f8,d8abfd5a-2a63-4221-804b-08ecd0fcea41,36795591-adc5-4c2c-8f2d-6bd2a7dd535a
skipped,target has 1 attachment(s) in Xero,2026-02-03,DocPlay,9.99,DocPlay,2026-02-01,9.99,receipt_email,1,c4375dd3-e00c-4d6d-bc6d-8f942eb58bc2,DocPlay,2026-02-03,9.99,Invoice-HVRABFE0-0003.pdf,7db1b817-aad0-4468-b079-3e2d15e18b87,bfd848ae-d2d9-4732-aafd-8fd462eede35,57752ba7-617c-4d08-b9d0-1c0493e1c999
skipped,target has 1 attachment(s) in Xero,2026-02-05,SQ *TENNANT CREEK RETREATTennant Creek,220,Tennant Creek Retreat,2026-02-04,220,xero_me,1,4b3ff418-b358-4fdc-9798-bde62ccb3084,Tennant Creek Retreat,2026-02-04,220,19543401930.jpeg,d4e04971-ae2c-4bfa-ae92-ac1ed5f1e408,bac5283c-481d-4b5e-9fab-b1fe4a64efcb,53c42454-643e-47e0-bf23-ddf86d41d9a8
skipped,target has 1 attachment(s) in Xero,2026-02-05,BP CMPLX TENNANT CRK TENNANT CREEK,148.98,BP,2026-02-02,148.98,dext_receipt,1,ba6ffbdd-8832-4c38-a3e2-c53f57832b54,BP,2026-02-04,161.9,BP-receipt.jpg,fe72c87d-3a0f-45e9-ab07-efc7cfb4f6a7,cd781c05-660d-4014-b7cd-21612c5991e1,c3edd8cd-66f6-4fcd-ac31-0fb6aed8ea9c
skipped,target has 1 attachment(s) in Xero,2026-02-05,Qantas,140,Qantas Group Accommodation,2026-02-03,140,xero_me,1,c398663c-f3cd-42b8-b5e7-3d7f4a2b5fbe,Qantas Group Accommodation,2026-02-03,140,19517048420.pdf,ca3fc2eb-d3a1-4679-b2b4-68854f43a283,a4270fa1-58c1-4ba4-bc5d-205e7901712d,937a9039-2b4b-44d6-ab24-37e8c1c765d3
skipped,target has 1 attachment(s) in Xero,2026-02-05,SMP*Devils Marbles Ho Davenport,88.95,Devils Marbles Hotel,2026-02-02,87.94,dext_receipt,1,356d024f-2b0b-4848-af01-2861cf436177,Devils Marbles Hotel,2026-02-03,87.94,Devils-Marbles-Hotel-receipt.jpg,a09a937c-80f6-4e34-8abf-518fed0d8315,7af0825a-0026-4b3e-a04b-52462039e2a3,21472858-590f-493c-8aaf-d5fe123c4e99
skipped,target has 1 attachment(s) in Xero,2026-02-05,BP CMPLX TENNANT CRK TENNANT CREEK,34.49,BP,2026-02-02,34.49,dext_receipt,1,fc9f8037-8dfe-4329-8dd9-9b516bba3dbf,BP,2026-02-04,125.7,BP-receipt.jpg,7aa509a1-918b-4a35-a61b-496f638de5e8,75073ad0-fa77-4300-9282-c6c040a97c86,4950350c-af25-4a09-a245-b63075c8f75f
skipped,target has 1 attachment(s) in Xero,2026-02-06,BP ALICE SPRINGS 1104 ALICE SPRINGS,161.9,BP,2026-02-04,161.9,xero_me,1,ba6ffbdd-8832-4c38-a3e2-c53f57832b54,BP,2026-02-04,161.9,19502839340.jpeg,66c414b3-7e9d-4895-ad33-55b6a2db871d,ebf3b99d-0c4c-4ff3-865e-4346a0003d68,6940a038-c595-4861-823d-caa462311095
skipped,target has 1 attachment(s) in Xero,2026-02-06,BP ALICE SPRINGS 1104 ALICE SPRINGS,125.7,BP,2026-02-03,125.7,dext_receipt,1,fc9f8037-8dfe-4329-8dd9-9b516bba3dbf,BP,2026-02-04,125.7,BP-receipt.jpg,cb2014b3-0a09-4f8f-94e7-543b0c25eb46,1bbb2d67-49c1-4202-89c9-dc86272576a0,8144aed3-d650-4752-9618-0a795f1a04e3
skipped,target has 1 attachment(s) in Xero,2026-02-06,TI TREE FARM GARDEN TI TREE,103.76,Ti Tree Farm Garden,2026-02-03,103.76,xero_me,1,336b95ef-0315-4227-9d6b-88a13775f058,Ti Tree Farm Garden,2026-02-03,103.76,19492504820.jpeg,c7448a4d-be79-488f-ad25-41ca0e67b414,039c8219-3c81-4d95-b6e7-b09c83d9cb85,b6fb451d-d8dc-475f-bf8e-600286cf655f
skipped,target has 1 attachment(s) in Xero,2026-02-06,GoHighLevel,35.88,HighLevel,2026-02-05,35.88,receipt_email,1,5ae2eb4a-e3d5-4e76-a262-644d5bb17bc4,HighLevel,2026-02-06,35.88,Invoice-AGAPY3VP-0006.pdf,ac10cceb-b844-4f9a-8bf3-1c170c725b80,695c1044-08da-4c61-9caa-e6a51bb1259a,efb0452d-3618-47db-8d10-afde5e22887f
skipped,target has 1 attachment(s) in Xero,2026-02-06,Figma,31.58,Figma,2026-02-05,31.58,receipt_email,1,9c6e53c6-d3e3-4e60-9d72-09822ccd25b3,Figma,2026-02-06,31.58,Receipt for subscription payment Feb 05 2026-9c6e53c6.eml,cbe04e7f-d1d9-4a67-b719-bb865f58ae92,1ecf61e8-7cc2-418f-8a54-031866b5f81d,d80e5173-fe79-4309-a86f-69a0c96cb27e
skipped,target has 1 attachment(s) in Xero,2026-02-09,LS Esmay Adelaide Hackney,326.6,Esmay,2026-02-06,306,xero_me,1,6782011b-3488-42f8-85f7-4fdb252b9c26,Esmay,2026-02-06,306,19542069360.jpeg,123b2d9d-579e-41f9-bd20-1a3253ce1ab4,b4c1abcd-c42a-4a3f-981e-eac063f607aa,11120af4-2419-489f-bbce-c3fd57428a4a
skipped,target has 1 attachment(s) in Xero,2026-02-09,SQ *GEEBUNG TREASURE TROVGeebung,121.92,Geebung Treasure Trove,2026-02-08,121.92,xero_me,1,bdb057b9-50b8-4b43-bda8-29c908ed1b32,Geebung Treasure Trove,2026-02-08,121.92,19546565000.pdf,713e6e2e-60b1-4c66-8252-60ccc73effc1,28680968-ba6c-4937-b3a4-4be296cd2896,7d01e3bc-84be-4982-a783-c29237027110
skipped,target has 1 attachment(s) in Xero,2026-02-09,SOUTHERN PROVIDORE MASCOT,76.09,Southern Providore,2026-02-05,76.09,xero_me,1,6aa01b7c-9df0-4480-b1a2-dc06d49437f1,Southern Providore,2026-02-05,76.09,19531022460.jpeg,fce3eeff-8866-4011-9ea6-11e1847f14b1,790f9b1e-200c-4285-a083-40ec931a0ee7,14989bfb-f8f2-47da-91b4-fd594b793d0f
skipped,target has 1 attachment(s) in Xero,2026-02-09,Uber,42.96,Uber,2026-02-09,42.96,receipt_email,1,305771e0-4eed-4fc1-bfd2-109d0ad7df4a,Uber,2026-02-09,42.96,A Curious Tractor  Your Tuesday morning trip with-305771e0.eml,3e408fbc-2156-4b9e-bfad-78dfc4261790,40ec6171-45d0-4388-a14f-34f602625c9c,a8d4cc86-bc33-4c3a-8e5c-b65936afacea
skipped,target has 1 attachment(s) in Xero,2026-02-09,Uber,34.25,Uber,2026-02-07,34.25,receipt_email,1,eae30415-6ca0-49e5-a4ff-8e993b67d93c,Uber,2026-02-09,34.25,A Curious Tractor  Your Saturday morning trip with-eae30415.eml,919f5b3b-d8e8-4234-a787-c0cfbdc4ee50,a035c5e4-6353-4774-b476-7c4ebdda64e5,74c453a0-8519-4211-969a-6c085fc9bdb2
skipped,target has 1 attachment(s) in Xero,2026-02-09,Uber,34.2,Uber,2026-02-06,34.2,dext_receipt,1,ca63981c-954d-4f44-871b-3fce27086252,Uber,2026-02-09,13.82,Uber-receipt.pdf,9ce21a3e-9a08-44ea-b666-170364738062,378b645e-788c-4aea-970a-231f5653f7ed,1775308e-d7ca-4d0f-adfc-f9c5dbef1feb
skipped,target has 1 attachment(s) in Xero,2026-02-09,Uber,30.81,Uber,2026-02-06,30.81,receipt_email,1,6771a183-35e0-48bb-812a-203d3ed8d007,Uber,2026-02-09,30.81,A Curious Tractor  Your Friday evening trip with U-6771a183.eml,e1fe36a9-d6b6-479f-9707-84c90af5535e,65c582ae-cded-4ee7-b1f3-66bb01c46324,500f0264-20d2-412a-ac8d-49ffb1679e4d
skipped,target has 1 attachment(s) in Xero,2026-02-09,Uber,26.31,Uber,2026-02-05,26.31,dext_receipt,1,d5e5417d-90a0-4cb2-bd92-8abd1b211f0f,Uber,2026-02-09,26.31,Uber-receipt.pdf,a80be8e7-4612-420b-b825-e21601d1c393,d6f02172-a87c-413e-b24d-e57bd658b6c1,d0fd8943-76b6-471e-b59e-f5e8225fbec4
skipped,target has 1 attachment(s) in Xero,2026-02-09,Apple,14.99,Apple Pty Ltd,2026-03-05,14.99,dext_receipt,1,f8356da9-f840-49d2-9852-88244b4282ca,Apple Pty Ltd,2026-03-06,14.99,Apple-Pty-Ltd-receipt.pdf,5c9825ac-25f3-451a-9071-94b9ad1fde9f,62f27318-b9e0-480b-b928-7cbdea37886f,a9b19aa7-7f68-4f41-9903-34f36b96e023
skipped,target has 1 attachment(s) in Xero,2026-02-09,Uber,13.82,Uber,2026-02-04,13.82,dext_receipt,1,e59e223e-fc0b-481e-92b0-46963e396909,Uber,2026-02-05,32.37,Uber-receipt.pdf,1a3066f2-7049-4f14-9319-a3796ab3a352,9463d4e0-e47c-476c-9c98-fd54644ec75f,bc641c5d-b82d-4765-a060-941c0c3c9f95
skipped,target has 1 attachment(s) in Xero,2026-02-09,Uber,9.99,Uber,2026-02-06,9.99,receipt_email,1,fd61f027-ffd6-40f4-b5c0-11ab48697579,Uber,2026-02-09,9.99,A Curious Tractor  Your Friday afternoon trip with-fd61f027.eml,19f6deb1-8738-41d0-ace6-1b53ecb3015c,c8213ffa-86b5-404a-8145-340fd88bd0f0,f080de49-fa75-49e7-a2ee-08f1222df760
skipped,target has 1 attachment(s) in Xero,2026-02-10,Woolworths,124.1,Woolworths,2026-02-09,124.1,xero_me,1,08a67195-23f2-4056-8c70-75b8bdb08d29,Woolworths,2026-02-09,124.1,19549532740.jpeg,c5a9a6ec-a830-4d2b-bbc2-56f711325943,8fae3191-4e4b-4eb4-9516-b52703d46a8e,789f2add-9aec-494b-893a-0e642433c98e
skipped,target has 1 attachment(s) in Xero,2026-02-11,BANH MI HOUSE QLD PL EVERTON PARK,33.88,The Banhmi House,2026-02-08,33.5,xero_me,1,28fc8032-0af5-4e91-a687-f9e1c5ae6ebf,The Banhmi House,2026-02-08,33.5,19546567120.jpeg,3ad6b82f-bda3-4e04-8577-719c3284feb7,d37fbf4f-72a1-4d60-9aa9-121b508ffd12,1d66fce6-237b-43fa-b12a-b3637fdee780
skipped,target has 1 attachment(s) in Xero,2026-02-16,Codeguide,41.09,Codeguide,2026-02-16,41.09,xero_me,1,894467df-4b45-4e02-adc3-b6a215702c07,Codeguide,2026-02-16,41.09,Invoice-USXBIUZS-0007.pdf,f1db274a-3583-4132-9c33-282f65125850,2ee1d36d-a6f6-40da-a1cd-64970d356c0d,65976fdc-deb2-4c15-bd60-0ee858906d34
skipped,target has 1 attachment(s) in Xero,2026-02-16,Squarespace,18.9,Squarespace,2026-02-14,18.9,receipt_email,1,503fa7c9-c8bc-4774-a3bc-b1155365ffb7,SQUARESPACE,2026-02-16,18.9,Turn your domain into a digital masterpiece-503fa7c9.eml,b3037878-7a01-4513-be1e-b811021ae741,d371860f-5452-4665-9e78-733c098a1a7d,81fa92db-6e5d-4f4c-b901-a4f73bbbda7c
skipped,target has 1 attachment(s) in Xero,2026-02-17,Hinterland Aviation Cairns,187.68,Hinterland Aviation,2026-02-17,187.68,receipt_email,1,b7d03210-81c4-475e-a019-be72097412a9,Hinterland Aviation,2026-02-17,187.68,Passenger Information T.pdf,d75a150c-8a1d-4d24-abb6-cb88bda167aa,280631a3-20ad-424b-8835-27c89563fc9b,430cf361-55dd-4401-aca6-4062b1c5e0f4
skipped,target has 1 attachment(s) in Xero,2026-02-23,Uber,22.62,Uber,2026-02-19,22.62,receipt_email,1,4305b414-eaf2-4bf4-9773-0684c6831e4a,Uber,2026-02-23,22.62,A Curious Tractor  Your Thursday evening trip with-4305b414.eml,69b82336-d9cf-44ea-89b7-d198bfa70807,484677cc-4589-49cc-96ae-b46203eb5d08,d42ba7db-d902-4529-843a-3dac8b382523
skipped,target has 1 attachment(s) in Xero,2026-02-24,GoHighLevel,138.31,HighLevel,2026-02-23,138.31,receipt_email,1,854a8eb7-fcc9-48af-91e8-05701f4c93a9,HighLevel,2026-02-24,138.31,Invoice-AGAPY3VP-0007.pdf,e9925cf8-7d42-4f29-8a83-2b4a757cf8de,c84eede1-63f6-4433-85d0-f0a02f1cc86b,1f931324-a6c1-4274-9d74-4425e6a4af6e
skipped,target has 1 attachment(s) in Xero,2026-03-02,Uber,32.43,Uber,2026-03-02,32.43,receipt_email,1,1eb81b91-7e2f-44b7-b95c-4465e1e62f95,Uber,2026-03-02,32.43,A Curious Tractor  Your Monday afternoon trip with-1eb81b91.eml,b3c9ff35-ca0e-4249-9f47-c684d117fa0e,d0b28764-5ab6-4ab0-96f2-c219a78b86d2,a0a5338c-1c4f-458d-8c78-820e04d1d48e
skipped,target has 1 attachment(s) in Xero,2026-03-02,Uber,18.98,Uber,2026-03-02,18.98,receipt_email,1,b651405e-c4d0-4886-b520-99acde69c709,Uber,2026-03-02,18.98,A Curious Tractor  Your Monday afternoon trip with-b651405e.eml,ec1282b9-7742-474b-8d95-28507c76475d,d174d0fb-6dcc-49f2-ace0-7da42c8a0e30,945ae462-2912-42d4-b9bc-ca990bd7813c
skipped,target has 2 attachment(s) in Xero,2026-03-03,Qantas,2001.71,Qantas,2026-03-01,2001.71,receipt_email,1,96e22cda-46a6-4d8f-a267-880cced37db4,Qantas,2026-03-03,2001.71,Download 430111899-e-ticket-FAQKSB.pdf,ac5bf075-a64b-486a-8ee6-3c17d6c7ee39,4c0f0787-15bf-4a54-928c-dca0785f78e2,8d2077b1-f16e-49db-a1e0-dd1ed3d7533c
skipped,target has 1 attachment(s) in Xero,2026-03-03,DocPlay,9.99,DocPlay,2026-02-28,9.99,receipt_email,1,ce38eadb-ad32-41c4-9003-2004353143e2,DocPlay,2026-03-03,9.99,Invoice-PTJQ79UH-0005.pdf,87ae60aa-a3af-44e0-90b0-f8b74bf040e2,aefba883-8c3f-4ebf-853c-3a1d6eeb236b,115d3f68-9286-402b-a194-3499172dbb97
skipped,target has 2 attachment(s) in Xero,2026-03-04,Qantas,1366.51,Qantas,2026-03-01,1366.51,receipt_email,1,5f7dbf88-e46f-4fd2-b63b-c8171ea4f0e8,Qantas,2026-03-04,1366.51,Download 429916632-e-ticket-EVTAFC.pdf,3d563af2-cbcc-4372-ae4e-ad441bb69a2f,a380ad20-135a-4376-8e61-ed0eba699cd5,d6c79f5b-03e7-47ac-838b-c1285d9ea093
skipped,target has 1 attachment(s) in Xero,2026-03-04,Qantas,432.52,Qantas,2026-03-01,432.52,receipt_email,1,4c563d7d-4e1f-4dd4-b607-edd9a739f9dc,Qantas,2026-03-04,432.52,Benjaminlast chance to earn double Status Credits-4c563d7d.eml,1375e02b-032e-4355-8554-ad0c60eba5ff,aa8aaeab-0039-46a5-8e42-bebfd8836703,8a3add8f-3375-4c1d-bf54-63544930f05d
skipped,target has 1 attachment(s) in Xero,2026-03-09,Apple,14.99,Apple Pty Ltd,2026-03-06,14.99,xero_me,1,f8356da9-f840-49d2-9852-88244b4282ca,Apple Pty Ltd,2026-03-06,14.99,19874887940.pdf,1cd4d18b-0eaa-4dfd-90bf-e64311947160,bdab765e-4d34-417c-9396-255e909765a3,57a0aab8-bf28-4c5f-bc1d-010f6464294c
skipped,target has 1 attachment(s) in Xero,2026-03-09,Uber,9.99,Uber,2026-03-10,9.99,dext_receipt,1,58061297-50c0-4e31-ad14-237437756ec5,Uber,2026-03-13,42.38,Uber-receipt.pdf,ff551234-423d-451e-bc09-ef0fb6d5490d,89d34509-85fd-4f4f-af42-2b7e210b52b3,f68ae3aa-c794-46b0-85ba-02d156e32f17
skipped,target has 1 attachment(s) in Xero,2026-03-10,PADDLE.NET* TXTEXPANDR London,69.36,Paddle.com Market,2026-03-09,69.36,xero_me,1,127aba40-5ed7-466a-938e-6360da2f3654,Paddle.com Market,2026-03-09,69.36,19874819620.pdf,b8ee6a3a-45e3-40f0-9221-e7c6a5bd28f8,0098f831-4c3b-4c04-8409-959f4e56a4b6,c1c9118a-c7b2-4717-9469-ce88064bfff2
skipped,target has 1 attachment(s) in Xero,2026-03-11,FISHERS OYSTERS PTY LT DUNWICH Bank Feed Auto-reconciled,1120,Fisher's Oysters,2026-03-10,1120,xero_me,1,98bc11ac-6012-4ccf-b3de-272594ac50fc,Fisher's Oysters,2026-03-10,1120,19874777640.pdf,71968d0f-dcba-47f1-afc3-d32dba877685,801dd9bb-2d41-44de-ad54-96c034a1a879,2dbdd0e4-78c5-48c0-a22e-4cbdf5e65e16
skipped,target has 1 attachment(s) in Xero,2026-03-13,Codeguide,40.78,Codeguide,2026-03-13,40.78,xero_me,1,b52e7c06-bce1-412d-a64a-37e3b2158806,Codeguide,2026-03-13,40.78,Invoice-USXBIUZS-0008.pdf,e088ddbc-83f3-4326-b023-7bf79bafbbca,d0970d30-cb24-4086-a7d2-2dd6e79c7534,f0c708f4-c2d9-4a92-a974-af4a0f91c12b
skipped,target has 1 attachment(s) in Xero,2026-03-16,Qantas,305.05,QANTAS,2026-03-20,273.49,dext_receipt,1,0ce150ee-280b-4f7f-af60-bb665f80ed79,Qantas,2026-03-23,449.03,receipt.pdf,3d5b7696-4313-4170-b650-c00221b4dfa1,d76e45c7-5b19-447a-93e0-978972415be7,27ba9ed5-58ca-49e4-9389-e0e007129e4f
skipped,target has 1 attachment(s) in Xero,2026-03-16,Webflow,66.22,Webflow,2026-03-11,66.22,receipt_email,1,325cbaa0-352a-4b3d-99b2-e08e3aa4db26,Webflow,2026-03-16,66.22,Fwd Your Webflow receipt-325cbaa0.eml,844c56a8-7c32-4bc1-8f08-0168af746635,b7022a03-7683-4e6a-80cc-a80903370622,619b4eb7-b2b9-4286-bf9b-befa82cf933e
skipped,target has 1 attachment(s) in Xero,2026-03-16,Apple,11.99,Apple,2026-03-14,11.99,dext_receipt,1,f34d0563-ddfe-44e2-b161-3601b36b126d,Apple Pty Ltd,2026-03-14,11.99,receipt.pdf,5b1f4ec6-847a-4b3c-9b03-fc5fe875daec,c4e4ae12-c7c5-464a-8f08-73e4206af45e,a7eb9646-0828-4cd8-bb3f-1a9a95e6a9af
skipped,target has 1 attachment(s) in Xero,2026-03-16,SQ *NEST IN WITTA Witta,5.1,Nest in Witta,2026-03-13,5.1,dext_receipt,1,6276869f-c84f-4dff-8932-fe87756d2c2d,Nest In Witta,2026-03-13,5.1,receipt.jpg,eb3524ac-ca85-4b8d-9efd-33e51d72b53b,6dc73b64-29a3-431a-8827-2a18d45678f6,a8701318-6b7b-415f-b06f-822185796643
skipped,target has 1 attachment(s) in Xero,2026-03-17,Apple,79.99,Apple,2026-03-14,79.99,dext_receipt,1,f94364c8-73e6-43e1-a2bf-d3a6c9665044,Apple Pty Ltd,2026-03-14,79.99,receipt.pdf,b1c44f96-ce63-42b8-b895-cd36de7ad253,1bb9bcb8-3c9e-45b0-a84c-2851bd63dc68,68db5d5c-cc8a-441c-a63a-da853bbe65cc
skipped,target has 1 attachment(s) in Xero,2026-03-17,Uber,44.56,Uber,2026-03-10,42.96,dext_receipt,1,8905c6af-e283-42d6-82e8-c6580d2e8ffc,Uber,2026-03-09,9.99,Uber-receipt.pdf,0ebbb4cc-5637-4178-be93-d30c09fc3f6a,c4de68a7-fd3c-460f-8e48-44b2c96b36a0,47f8e433-4e95-40eb-805c-b1da35a15868
skipped,target has 1 attachment(s) in Xero,2026-03-18,Liberty,536.63,LIBERTY MALENY,2026-03-17,536.63,dext_receipt,1,452947b9-8a0a-4e81-843c-a8307eca75b0,Liberty Maleny,2026-03-17,536.63,receipt.pdf,d32f7b6b-dd52-4c9f-9e68-ed22edb92521,c705807c-df05-4da6-8d38-2a7ea2f44398,6a3551ea-8f5c-48a7-b263-47997f805669
skipped,target has 1 attachment(s) in Xero,2026-03-18,SEASONS SUPERMARKET 10 MALENY,161.07,Seasons IGA Maleny,2026-03-16,161.07,dext_receipt,1,7fcc5ffd-4424-46af-a220-fb44ba7a62e3,IGA,2026-03-16,161.07,receipt.jpg,3a755eb4-b78e-48a2-8c0b-1ea134735d7b,ea576541-8c87-4764-a77b-89c71c9f1af8,89d17fe1-0fe4-408c-bf8f-082f2974d384
skipped,target has 1 attachment(s) in Xero,2026-03-18,Uber,57.77,Uber,2026-03-15,62.68,receipt_email,1,63ef98a2-5a66-433b-9277-6cfd222c3710,Uber,2026-03-18,62.68,Nicholas welcome to Adelaide-63ef98a2.eml,bae9db7d-ecbb-41dd-bede-fa1b25db6d40,2c63c007-8096-4865-ab34-ee6d2d9f41d5,8bcc9888-8ee6-4c1e-8b67-0f26213fe0f0
skipped,target has 1 attachment(s) in Xero,2026-03-19,Apple,29.99,Apple,2026-03-16,29.99,dext_receipt,1,30a491a9-38b7-4427-9e95-0aa91644e3f7,Apple Pty Ltd,2026-03-16,29.99,receipt.pdf,5d89968c-3c27-41f3-add6-bd4412012c55,9d068b04-0611-4ce4-9b3b-c18150288e95,b7180e7a-9dcb-4f05-84dd-6dafdaf52344
skipped,target has 1 attachment(s) in Xero,2026-03-19,BUDGET TAXI 89535391 ALICE SPRINGS Bank Feed Auto-reconciled,22.79,Budget,2026-03-20,22.79,receipt_email,1,d0a62561-21d2-4ec2-ba22-226046c09055,Budget,2026-03-19,22.79,SMART Recovery Canvas Tote Bag v2.pdf,3ed232fa-3bce-4272-a510-afcf134a4b3d,9144a014-285b-4b5f-8dc6-fbddd284cc13,039e89a4-9e28-40ff-a743-d7be50587174
skipped,target has 1 attachment(s) in Xero,2026-03-19,Ezviz,14.99,Vercel Inc.,2026-03-21,15,dext_receipt,1,e5d3d067-9c92-4860-aec7-5c031bfd738a,Vercel,2026-03-23,21.42,receipt.pdf,10926845-9932-4bac-a534-5233fdfbe230,c6320ac1-6960-47bc-9097-dfc542aed5d5,478c1cd8-c230-4083-b8de-c7a405b1e26f
skipped,target has 1 attachment(s) in Xero,2026-03-23,Qantas,449.03,QANTAS,2026-03-22,431.4,dext_receipt,1,2148ba4f-cea4-438d-b140-2265e0fae7b5,Qantas,2026-03-24,325.97,receipt.pdf,33fd9373-4e1f-4d96-9343-94d6b32c8192,60b2b1d6-9f9a-40fd-a4f2-bb7ea0916588,79ea22ce-9553-4eed-9e91-516b7c93a9a0
skipped,target has 1 attachment(s) in Xero,2026-03-23,Webflow,45.55,Webflow,2026-03-22,45.55,receipt_email,1,9b59a235-6bc3-42b7-8a7e-97e42f9846c9,Webflow,2026-03-23,45.55,Morning Brief  March 22 2026-9b59a235.eml,aaac2f9f-773e-44eb-b9f4-2888537aef37,c72f2f46-3f89-4a58-9d3e-03b6383d1b8b,ccdf3c45-306d-4ac9-9b95-d909081149f5
skipped,target has 1 attachment(s) in Xero,2026-03-23,Vercel,21.42,Vercel Inc.,2026-03-16,21.99,dext_receipt,1,ab605703-5297-4a8d-aed9-98f89454482d,Vercel,2026-03-16,31.52,receipt.pdf,5b101499-2ecb-4e64-9461-e7388cfe522d,ef5118c1-f311-4e41-b592-293ae4f934c2,09226947-79af-42c3-a8e6-5cea25c9f7b5
skipped,target has 1 attachment(s) in Xero,2026-03-24,Qantas,1479.43,Qantas Group Accommodation Pty Ltd,2026-03-23,1479.43,dext_receipt,1,2148ba4f-cea4-438d-b140-2265e0fae7b5,Qantas,2026-03-24,325.97,receipt.pdf,c8057ab0-6da9-4253-8433-af16f5d4caa8,52296cb7-12ab-4cd9-b64c-c08ed1b9f8a7,4f387638-9823-4ab0-bd52-4eb1d4ddfee9
skipped,target has 1 attachment(s) in Xero,2026-03-24,SMARTE CARTE AUSTRALIA TULLAMARINE Bank Feed Auto-reconciled,5,Smarte Carte,2026-03-22,5,receipt_email,1,60f04b37-c77d-4eba-b880-32bdf58d0633,Smarte Carte,2026-03-24,5,Receipt6113.pdf,07b1e9fd-84d4-492e-839a-f907de97a9ac,6480ac30-69e7-4bd9-bea6-29c5d7867980,ba6effee-c025-455e-accf-f4775ee2e390
skipped,target has 1 attachment(s) in Xero,2026-03-25,SIXT9609053176 LJUBLJANA,131.25,Sixt,2026-03-24,131.25,xero_me,1,56f0b82e-7e4b-40aa-999d-c45f03e13a63,SIXT,2026-03-24,131.25,20025797440.pdf,097efdea-7786-4853-a50b-c1f1b78bb440,4d07d034-83ee-444f-b8d7-b38d14d6f1ae,67220132-bbb2-4057-b02a-5434e077ae0b
skipped,target has 1 attachment(s) in Xero,2026-03-26,Uber,9,Uber,2026-03-10,9.99,dext_receipt,1,58061297-50c0-4e31-ad14-237437756ec5,Uber,2026-03-13,42.38,Uber-receipt.pdf,aa013d56-2556-4214-a3f3-6660f3420a56,89d34509-85fd-4f4f-af42-2b7e210b52b3,6b23a12e-3de8-4101-b978-6c3ea0056e15
skipped,target has 1 attachment(s) in Xero,2026-03-27,Uber,9.17,Uber,2026-03-10,9.99,dext_receipt,1,58061297-50c0-4e31-ad14-237437756ec5,Uber,2026-03-13,42.38,Uber-receipt.pdf,adfe3b98-e0e5-4e57-a70d-834ab88c5981,89d34509-85fd-4f4f-af42-2b7e210b52b3,a5b75493-f45c-42c2-9670-73755d04849c
skipped,target has 1 attachment(s) in Xero,2026-03-30,Uber,55.38,Uber,2026-04-01,55.38,receipt_email,1,f76dcb7c-a69f-4008-964e-169bb7c3b32d,Uber,2026-03-30,55.38,Benjamin welcome to Townsville-f76dcb7c.eml,63f8af10-43e8-45cf-aff1-05c23adcd639,e22ef86d-f190-4357-bd11-d934ec6bcf5a,d9cce8a5-a64d-491c-b58f-1ba3b99bbf48
skipped,target has 1 attachment(s) in Xero,2026-03-31,Uber,54.46,Uber,2026-04-02,54.46,receipt_email,1,5ca6756f-e058-495c-9e20-74e805a0fcda,Uber,2026-03-31,54.46,Early business trip-5ca6756f.eml,387a83a5-82d2-4d57-89a7-c75c721e7ead,47a16787-b1cf-4739-a20c-afacbf56156f,cdd31797-86ce-4bb0-89e1-8a18309c464a
