severity,quarter,bank_line_id,link_id,date,payee,particulars,amount,candidate_vendor,candidate_source,confidence,amount_delta,date_delta_days,reasons
needs_human_review,Q2,27a8809d-6f35-4038-b68f-db7c1a093cec,b54cdabf-2701-41bf-87de-3ad72a554318,2025-10-01,DNPPHOTO.COM.AU PORT MELBOURN,DNPPHOTO.COM.AU PORT MELBOURN,693,DNP Australia,dext_receipt,1,0,-2,vendor tokens do not match bank line
needs_human_review,Q2,9c79cede-b2ad-4b7b-a28a-60e58c576ff3,9cceaa2e-b5da-4c9e-aa8e-d56de2663e0e,2025-10-02,Uber,UBER *BUSINESS HELP.UBER.Sydney,26.43,Uber,dext_receipt,1,-2.32,-7,amount delta -2.32 > $1
needs_human_review,Q2,fc4eda48-0bb6-406f-bf3d-bd22fde9d613,89c60fab-19b7-4912-a6d6-6d918599483a,2025-10-06,SP DRNKS MASLIN BEACH,SP DRNKS MASLIN BEACH,300,F V Snowdon And J R Rowden,dext_receipt,1,0,-2,vendor tokens do not match bank line
needs_human_review,Q2,f44cc4d1-0c49-4969-a4e4-16560c2bc330,e2a551d6-74fc-4c24-b64b-700de6211c2c,2025-10-06,UPTON GROUP AUSTRALIA BEERWAH,UPTON GROUP AUSTRALIA BEERWAH,447.84,The Bunker,dext_receipt,1,0,-3,vendor tokens do not match bank line
needs_human_review,Q2,cd9e47c8-a5e0-4ba8-907a-1421b3e620ae,5b09ca4c-2116-44fa-b9c1-9a6336f06ed3,2025-10-07,CENTRE TRAILER SALES CICCONE,CENTRE TRAILER SALES CICCONE,424.91,Centre Trailer Sales,dext_receipt,1,-4.91,-2,amount delta -4.91 > $1
needs_human_review,Q2,43082c89-2f41-434b-89b1-1709ad22eb56,69718bbc-c4a4-4de3-8752-a04343ba8436,2025-10-07,Taxipay,TAXIPAY AUSTRALIA MASCOT,62.79,Taxi Receipt,dext_receipt,1,0,-2,vendor tokens do not match bank line
needs_human_review,Q2,e633a8d8-8405-4c5c-994d-40a04125d88c,98a0d79a-ff0d-4235-b99b-10ee9fca2c03,2025-10-08,Coles,COLES 0418 ALICE SPRINGS,296.5,Coles Supermarkets,dext_receipt,1,-1.95,2,amount delta -1.95 > $1
needs_human_review,Q2,db49ebb8-358a-4203-94cf-471f48b3b13d,f9583a7a-fae7-42bc-b528-98397d19cb26,2025-10-09,Webflow,WEBFLOW.COM WEBFLOW.COM CA,48.67,Webflow,dext_receipt,1,-2.47,4,amount delta -2.47 > $1
needs_human_review,Q2,4f0ee4d3-fd97-481a-9269-cd1d5bcfd608,8d640b81-e57e-4e00-bc96-93d260991720,2025-10-10,AUSTRAL*JUNCTION PARK 1300889272,AUSTRAL*JUNCTION PARK 1300889272,50,GoFundMe,dext_receipt,1,0,-2,vendor tokens do not match bank line
needs_human_review,Q2,085d939a-53ae-466c-87d1-6b42b1b0c9cd,99e51f62-8c6b-475a-a7c1-83d7123c8e82,2025-10-13,TANGENTYERE ARTISTS ALICE SPRINGS,TANGENTYERE ARTISTS ALICE SPRINGS,145,Town Camp Designs,dext_receipt,1,0,-2,vendor tokens do not match bank line
needs_human_review,Q2,4841e713-7838-498e-959c-2b91135b0b33,0a0b0def-4be1-4949-9a67-e3e8c956047a,2025-10-13,Webflow,WEBFLOW.COM WEBFLOW.COM CA,44.84,Webflow,dext_receipt,1,1.36,2,amount delta 1.36 > $1
needs_human_review,Q2,681fe473-078b-4275-803a-85caba03c97d,73d3f4ce-2877-469f-94ef-ad92d79af2d6,2025-10-13,ALICE SPRINGS CASINO O ALICE SPRINGS,ALICE SPRINGS CASINO O ALICE SPRINGS,188.18,Hanuman Alice Springs,dext_receipt,1,15.53,-4,amount delta 15.53 > $1
needs_human_review,Q2,c6362717-ac2f-42b4-b878-1b77a4a9b62e,d2806f6e-0bf0-4605-9455-a820a0baa2d7,2025-10-14,Hatch Electrical,HATCH ELECTRICAL ZILLMERE,1820.69,Hatch Electrical,dext_receipt,1,-27.03,-2,amount delta -27.03 > $1
needs_human_review,Q2,5484a978-6b05-441e-bd6b-63e22143d241,aef4bf9d-1477-46a5-91fb-86bb41c2944d,2025-10-14,Smarte Carte 0393383111,Smarte Carte 0393383111,30,Apple Pty Ltd,dext_receipt,1,-0.01,1,vendor tokens do not match bank line
needs_human_review,Q2,9025470a-d9cc-40c8-ae3a-5e83cdea4d3d,3482e668-8cc3-45d8-81df-ac0378308a01,2025-10-16,ZLR*TSVMAGG Garbutt,ZLR*TSVMAGG Garbutt,8.5,SSP Australia Catering,dext_receipt,1,0,-2,vendor tokens do not match bank line
needs_human_review,Q2,76583499-7e17-4867-87a9-f5b3bf6d5b89,af78aeb6-d922-443d-baf5-c80fe9aa8d07,2025-10-16,SUNSET SNACK FOODS PTY LTPALM ISLAND,SUNSET SNACK FOODS PTY LTPALM ISLAND,12,Apple Pty Ltd,dext_receipt,1,-0.01,-3,vendor tokens do not match bank line
needs_human_review,Q2,82f65941-206a-4aef-8f20-22059f60244c,971f86a8-694b-4334-a1c4-55fed2b89f20,2025-10-20,SQ *GOLOSA Surry Hills,SQ *GOLOSA Surry Hills,27,Chalet & Co,dext_receipt,1,0,-3,vendor tokens do not match bank line
needs_human_review,Q2,c9fb9ec2-2dc6-4ba7-a2b3-26f84be8cb9a,d76e7529-c557-44b2-81d4-342cb84727d5,2025-10-20,Uber,UBER *BUSINESS HELP.UBER.Sydney,11.45,Uber,receipt_email,1,0,-21,date delta -21d > 7d
needs_human_review,Q2,2a87cdfd-3142-4023-a9ab-1083397be299,881638ee-95ac-410b-8806-3b65782022d1,2025-10-20,Thriday,THRIDAY ACCOUNTING CARLTON,1190,Team Thrive No 2,dext_receipt,1,0,-2,vendor tokens do not match bank line
needs_human_review,Q2,9233891d-e5e8-4953-80df-05cb77932e28,ba1029f3-ae0b-4b59-abd7-1f5ec51f26de,2025-10-20,Uber,UBER *TRIP HELP.UBER.COM Sydney,19.81,Uber,dext_receipt,1,2.09,2,amount delta 2.09 > $1
needs_human_review,Q2,8ce51d71-88ad-434c-96ff-16276c1d0e24,ec704548-8064-4d0d-bf74-100963b0bbb9,2025-10-20,Uber,UBER *BUSINESS HELP.UBER.Sydney,19.76,Uber,dext_receipt,1,-1.93,1,amount delta -1.93 > $1
needs_human_review,Q2,46563b61-a813-48d7-8fb5-11f1bdf6d473,62dad63c-ae33-4f74-b109-b2cf45506907,2025-10-21,Loadshift Sydney,LOADSHIFT SYDNEY,1243.59,Loadshift Sydney,dext_receipt,1,0,50,date delta 50d > 7d
needs_human_review,Q2,d36efec1-8d19-42b1-88d4-99a7f8f03209,a510bd6f-b6cd-4793-ae22-8882513dee8b,2025-10-22,Uber,UBER *TRIP HELP.UBER.COM Sydney,30.62,Uber,dext_receipt,1,1.25,1,amount delta 1.25 > $1
needs_human_review,Q2,732584cb-1a95-44be-8ef6-d6cfeaa73c1d,f5b98627-5b9e-4919-9ca9-70d7150fb836,2025-10-22,Uber,UBER *BUSINESS HELP.UBER.Sydney,20.35,Uber,dext_receipt,1,2.15,0,amount delta 2.15 > $1
needs_human_review,Q2,1650c108-2dda-4bf7-b29e-55cde5eedf2c,abdee7f4-5f51-4ec4-8b11-9d99137241a1,2025-10-22,TRANSPORTMAINRDS BRISBANE,TRANSPORTMAINRDS BRISBANE,273.63,Dept of Transport & Main Roads,dext_receipt,1,0,-4,vendor tokens do not match bank line
needs_human_review,Q2,66bb7e95-faf4-4ab0-a3d0-1f541f5594af,e3174410-cefe-4a72-bd97-187f8eae9b1c,2025-10-22,SQ *GOLOSA Surry Hills,SQ *GOLOSA Surry Hills,25.5,Chalet & Co,dext_receipt,1,0,-2,vendor tokens do not match bank line
needs_human_review,Q2,afbb3c7e-e337-438b-be6c-d324390d24a7,80a0bb14-3525-42cf-8578-ac42418e3579,2025-10-22,Uber,UBER *TRIP HELP.UBER.COM Sydney,22.99,Uber,receipt_email,1,2.8,2,amount delta 2.8 > $1
needs_human_review,Q2,e5488951-97ea-4e91-89d0-cb9fd1bef9e4,25a5cd66-7f0a-48f0-bd65-ea08a274fe59,2025-10-22,RedBalloon,REDBALLOON THE ROCKS,1008.9,Red Balloon,dext_receipt,1,0,-2,vendor tokens do not match bank line
needs_human_review,Q2,3ebc0dfb-0a07-43f5-8628-104223e2b20d,dc6b9614-d9e9-4cff-bd3a-3c7aacac2b3f,2025-10-22,Webflow,WEBFLOW.COM WEBFLOW.COM CA,49.3,Webflow,dext_receipt,1,-3.1,-7,amount delta -3.1 > $1
needs_human_review,Q2,b6c26fff-629e-4e29-b538-27964f7d08ec,9dc6556e-b9a7-4202-9ec4-cfbcbfda58d1,2025-10-22,Uber,UBER *BUSINESS HELP.UBER.Sydney,21.1,Uber,receipt_email,1,1.89,2,amount delta 1.89 > $1
needs_human_review,Q2,1ef411ff-9253-46b5-ac09-805e2d5015fa,8df68844-a08d-417c-b8b3-45afc64afbfe,2025-10-22,Uber,UBER *TRIP HELP.UBER.COM Sydney,21.42,Uber,receipt_email,1,2.58,2,amount delta 2.58 > $1
needs_human_review,Q2,8d4116da-76c1-4649-9b2d-01a6b4cd6311,3c3ac74b-20c7-4ad2-a22c-7f429cb8f9b7,2025-10-22,Uber,UBER *TRIP HELP.UBER.COM Sydney,25.79,Uber,dext_receipt,1,-2.31,7,amount delta -2.31 > $1
needs_human_review,Q2,fb50d2ee-4ba0-4d31-8855-7255ae906d84,9d8bcd4e-e20d-4d51-8e39-58cced7b47f7,2025-10-23,Uber,UBER *BUSINESS HELP.UBER.Sydney,17.83,Uber,receipt_email,1,0.84,10,date delta 10d > 7d
needs_human_review,Q2,c0675912-50b9-4b8b-9a07-128b132d6625,cc6cc935-7397-49cf-a54b-80666c20d1ac,2025-10-23,Internet Transfer,INTERNET TRANSFER Linked Acc Trns,623.7,Fernland,dext_receipt,1,0,-3,vendor tokens do not match bank line
needs_human_review,Q2,6919bdea-d14b-4562-9bda-16fd291f3641,c4a3b366-96fa-4a41-869b-65b6b565585a,2025-10-23,ONLYDOMAINS.COM 649-925-0327,ONLYDOMAINS.COM 649-925-0327,21.44,Only Domains,dext_receipt,1,0,-2,vendor tokens do not match bank line
needs_human_review,Q2,db595d09-ff9b-4ea6-9775-99c06d078c97,f0c12f88-8b65-46c5-80f2-337b2fbe19bb,2025-10-23,Uber,UBER *BUSINESS HELP.UBER.Sydney,30.62,Uber,receipt_email,1,1.25,2,amount delta 1.25 > $1
needs_human_review,Q2,404a824b-33d1-4dfb-a84c-c6ed5a58c930,0b0442d6-3681-4bbe-95ae-7ef3fe9bacb4,2025-10-24,Uber,UBER *BUSINESS HELP.UBER.Sydney,20.22,Uber,receipt_email,1,2.28,5,amount delta 2.28 > $1
needs_human_review,Q2,a7cf7312-77a3-4868-a213-7cc9d4567d24,f348b73c-50e6-4ca1-8509-58c516c593b5,2025-10-24,Uber,UBER *BUSINESS HELP.UBER.Sydney,22.5,Uber,dext_receipt,1,-2.15,-5,amount delta -2.15 > $1
needs_human_review,Q2,0e5ac528-abdb-4b6c-9f0e-59897d6c4189,defb2050-d1a3-4721-90d1-574248bc4285,2025-10-27,Qantas,QANTAS AIRW MASCOT,1409.64,Qantas,receipt_email,1,139.45,0,amount delta 139.45 > $1
needs_human_review,Q2,3ffe040d-03f0-4972-af35-b65a81b4654e,9368b834-dd6f-42a9-abd6-e3858b1c4598,2025-10-27,Uber,UBER *TRIP HELP.UBER.COM Sydney,31.87,Uber,receipt_email,1,-2.49,2,amount delta -2.49 > $1
needs_human_review,Q2,6b007a31-f7e6-4127-be81-84b451440e15,946002ef-a208-4a50-829c-39ba8f5fc009,2025-10-27,Uber,UBER *EATS HELP.UBER.COM Sydney,46.31,Uber,receipt_email,1,-3.83,1,amount delta -3.83 > $1
needs_human_review,Q2,5c805c1e-9906-4d66-bb0e-d5721ade12da,e3ac308c-896d-47b8-a923-067e8f5cbefe,2025-10-28,Uber,UBER *TRIP HELP.UBER.COM Sydney,42.48,Uber,dext_receipt,1,3.52,-1,amount delta 3.52 > $1
needs_human_review,Q2,859fe0ac-3b8e-4545-92bd-e3c17dd409aa,188deb44-cbeb-49b9-adcb-397d78eccbab,2025-10-28,DINKUM DUNNIES CABOOLTURE,DINKUM DUNNIES CABOOLTURE,534.19,Onsite Rentals Dinkum Dunnies,dext_receipt,1,-9.19,-2,amount delta -9.19 > $1
needs_human_review,Q2,74bf65a4-2819-4757-8465-34e6c0d2c562,559df0b9-e8f0-436d-85c1-5bb444313650,2025-10-30,SQ *GOLOSA Surry Hills,SQ *GOLOSA Surry Hills,4.5,Golosa,dext_receipt,1,0,-10,date delta -10d > 7d
needs_human_review,Q2,545f0aee-0097-4328-91df-b338d4c293b1,a30d7028-1cd9-4fe7-b31f-94bf3c259b61,2025-10-31,TRANSPORTMAINRDS BRISBANE,TRANSPORTMAINRDS BRISBANE,78.18,Dept of Transport & Main Roads,dext_receipt,1,0,-3,vendor tokens do not match bank line
needs_human_review,Q2,79f7ad9e-1437-43ab-9539-bfdc214319f5,de6d7af5-aeb5-45a1-97c9-5ffbd90211f8,2025-10-31,Uber,UBER *TRIP HELP.UBER.COM Sydney,102.54,Uber,receipt_email,1,-2.78,3,amount delta -2.78 > $1
needs_human_review,Q2,57a63f15-8579-491a-9e24-e4133913ef5b,14884ebb-ad99-41a7-94db-e8020dfd84ab,2025-11-03,Uber,UBER *BUSINESS HELP.UBER.Sydney,99.76,Uber,dext_receipt,1,-9.31,7,amount delta -9.31 > $1
needs_human_review,Q2,4a1ab9bf-e77a-456e-a502-c30a2f2544be,17d2e60d-9181-41a7-ab60-5bd38690adf4,2025-11-03,SQ *ROSEBEDANDFINCH Eudlo,SQ *ROSEBEDANDFINCH Eudlo,60,OpenAI,dext_receipt,1,0,7,vendor tokens do not match bank line
needs_human_review,Q2,db6efe54-b43e-43bf-b66d-c0a397d29321,76d6ee5a-aae8-4bfa-b1a7-72bc8401360e,2025-11-04,Qantas,QANTAS AIRW MASCOT,65,Qantas,dext_receipt,1,0,41,date delta 41d > 7d
needs_human_review,Q2,8acdfc1e-9a5c-4924-aabc-30d03455b28c,3d64e919-f840-430c-9877-c1c5b88c122a,2025-11-04,CabFare,CabFare Payments Melbourne,53.23,Taxi Receipt,dext_receipt,1,0,-2,vendor tokens do not match bank line
needs_human_review,Q2,3d98704c-7869-4a2b-91a5-c3b4c590e5d9,ad059d13-29fb-4d16-af94-37ba25f7f3c9,2025-11-04,Thriday,THRIDAY ACCOUNTING CARLTON,440,Team Thrive No 2,dext_receipt,1,0,-2,vendor tokens do not match bank line
needs_human_review,Q2,169c0782-ba88-4b1f-ae42-2acdc3aeb90f,58cd7145-2d70-4d1b-8344-b06b7f145ce3,2025-11-04,BP BOWENBRIDGE1410 HERSTONQLD,BP BOWENBRIDGE1410 HERSTONQLD,165.02,BP,dext_receipt,1,0,-3,vendor tokens do not match bank line
needs_human_review,Q2,ae1b576d-8f9e-4e9e-8135-8d24ecc53520,1d84f56d-bb7e-4615-be4e-1ffc532e6df0,2025-11-10,CabFare,CabFare Payments Melbourne,45.15,Taxi Receipt,dext_receipt,1,0,-2,vendor tokens do not match bank line
needs_human_review,Q2,db06e0b6-f155-4401-a892-c46c88107ffb,792f69f2-c8d2-4441-b8fa-8e3523d2c20b,2025-11-10,Webflow,WEBFLOW.COM WEBFLOW.COM CA,49.34,Webflow,dext_receipt,1,-3.14,5,amount delta -3.14 > $1
needs_human_review,Q2,1ccbc18e-29a4-468c-b7b3-dad4348e6a6a,6d6fa3aa-61ec-456f-ab6c-5521c76e4511,2025-11-10,Webflow,WEBFLOW.COM WEBFLOW.COM CA,44.86,Webflow,dext_receipt,1,1.34,3,amount delta 1.34 > $1
needs_human_review,Q2,2a3b98ea-ed3c-4d7c-84e1-f815cc098bf8,27837e91-acb1-42e3-b1da-88ef3de6ede1,2025-11-11,Qantas,QANTAS AIRW MASCOT,260,Qantas,receipt_email,1,21.7,3,amount delta 21.7 > $1
needs_human_review,Q2,3db32055-f468-4005-ac0e-bb097f7d3559,7b583408-ba24-4e5f-84a1-de230ac7d32b,2025-11-11,BP ALICE SPRINGS 1104 ALICE SPRINGS,BP ALICE SPRINGS 1104 ALICE SPRINGS,110.94,BP,dext_receipt,1,0,-3,vendor tokens do not match bank line
needs_human_review,Q2,41ebf7d9-68ee-4f82-b346-5e27ad20bddd,eecb6945-018c-4f16-b34d-1f49d9e2831d,2025-11-11,EPILOGUE ENTERPRISES ALICE SPRINGS,EPILOGUE ENTERPRISES ALICE SPRINGS,5.08,Lasseters Centre Of Entertainment,dext_receipt,1,-0.51,-3,vendor tokens do not match bank line
needs_human_review,Q2,647faf9f-1d81-405a-9876-bd5298a1d538,705c89cb-3e86-43d5-a15f-7425e011e78c,2025-11-12,AGL,AGL SALES PTY LTD SYDNEY,319.09,AGL,dext_receipt,1,0,-9,date delta -9d > 7d
needs_human_review,Q2,b4ca4ddd-22b7-4fee-b2e9-bc4b03bc220a,12d2a7c4-bf42-4529-a013-06da7e459455,2025-11-12,Uber,UBER *TRIP HELP.UBER.COM Sydney,40.99,Uber,dext_receipt,1,0.64,11,date delta 11d > 7d
needs_human_review,Q2,34944b84-f7f3-44f0-b163-9fb58c0c303f,4edafc5d-a077-4e0b-b110-9f5ada53f180,2025-11-12,UNITED CAB 4749 9999 MOUNT ISA,UNITED CAB 4749 9999 MOUNT ISA,31.4,Taxi Receipt,dext_receipt,1,0,-1,vendor tokens do not match bank line
needs_human_review,Q2,eca7283a-b029-4ac6-9e5c-675335e155e0,47d857c3-f46b-439a-a344-c9f8c47ca60f,2025-11-12,Hatch Electrical,HATCH ELECTRICAL ZILLMERE,20244.64,Hatch Electrical,dext_receipt,1,-297.51,-2,amount delta -297.51 > $1
needs_human_review,Q2,dd014c1e-a097-4cd6-856d-2d2c879704ba,2a418202-9d6a-4927-b6fd-cd1a717b455f,2025-11-14,ZLR*ISACLOV Mount Isa Cit,ZLR*ISACLOV Mount Isa Cit,27.28,SSP Australia Catering,dext_receipt,1,0,-2,vendor tokens do not match bank line
needs_human_review,Q2,ab7bda28-eda4-4fe1-8573-039af1ab865c,f6143477-c12c-4e9f-bcf4-20b9df5da0fa,2025-11-14,Live Payments Barangaroo,Live Payments Barangaroo,26.77,Taxi Receipt,dext_receipt,1,0,-2,vendor tokens do not match bank line
needs_human_review,Q2,721cb15e-53cb-49f0-8cd8-3d04e0a57245,2586a19b-6cf4-4136-8f66-c1914b645795,2025-11-17,Flyparks,FLYPARKS MARCOOLA,119,Car Park,dext_receipt,1,0,6,vendor tokens do not match bank line
needs_human_review,Q2,434fa9cb-53c4-44a6-96ee-4acfc59adcf2,3935a6e0-2d6b-428b-85a9-9c14d8f17bff,2025-11-18,Budget Rent A Car,BUDGET RENT A CAR MASCOT,518.18,Budget,dext_receipt,1,0,-8,date delta -8d > 7d
needs_human_review,Q2,1bebf0fe-402b-4853-8f85-33748162455a,0b3803e6-6302-47bc-8ec9-727402fb91ea,2025-11-20,Defy Design,DEFYDESIGN.ORG SYDNEY,2785.66,defy design,gmail_raw,0.8875,-51.94,-1,confidence 0.8875 < 0.95; amount delta -51.94 > $1
needs_human_review,Q2,888a63ec-62e0-40c8-97ca-ae8a30670486,78a6c193-eb28-4002-a5e5-14ee86efabeb,2025-11-20,Qantas,QANTAS AIRW MASCOT,508.18,Qantas,dext_receipt,1,55.22,-2,amount delta 55.22 > $1
needs_human_review,Q2,cb2d08d3-9c52-40fb-a934-247ca3d83db9,09a97b18-3172-49ca-af07-2a0fec24afc5,2025-11-21,Qantas,QANTAS AIRW MASCOT,281.7,Qantas Group Accommodation,dext_receipt,1,8.1,-3,amount delta 8.1 > $1
needs_human_review,Q2,5b8b45a5-3763-45ba-87c6-119113f34a34,3d414731-3d58-4f52-ad73-a7e2160611e9,2025-11-21,Qantas,QANTAS AIRW MASCOT,196.27,QANTAS,dext_receipt,1,22.4,0,amount delta 22.4 > $1
needs_human_review,Q2,53b66090-b58c-4341-bacb-548ded375a6d,76c5a4dc-8f9b-41a3-ab33-1c87022e8138,2025-11-24,Hatch Electrical,HATCH ELECTRICAL ZILLMERE,27201.35,Hatch Electrical,dext_receipt,1,-399.65,-2,amount delta -399.65 > $1
needs_human_review,Q2,e6b6518b-a893-43ee-a33d-af68daddab7d,5c2764e4-3e2e-45cc-bd88-71a0b6b32a36,2025-11-25,Uber,UBER *BUSINESS HELP.UBER.Sydney,41.63,Uber,dext_receipt,1,3.44,2,amount delta 3.44 > $1
needs_human_review,Q2,cb5b23f1-4ab1-4598-b19f-fa8fa880be5c,e8d6e141-41e0-48a7-a86f-af99cced5285,2025-12-01,Uber,UBER *BUSINESS HELP.UBER.Sydney,42.66,Uber,receipt_email,1,4.85,-1,amount delta 4.85 > $1
needs_human_review,Q2,acb88b7d-06e1-466e-8e66-87790074945d,855f9b25-f491-43ce-9751-ebe090bd7222,2025-12-01,Uber,UBER *BUSINESS HELP.UBER.Sydney,24.54,Uber,dext_receipt,1,2.73,-1,amount delta 2.73 > $1
needs_human_review,Q2,58213f9e-f491-4827-8194-326089d276c7,8a937514-6b2c-4943-b50d-b6afed9ae006,2025-12-01,Uber,UBER *TRIP HELP.UBER.COM Sydney,47.51,Uber,dext_receipt,1,-4.85,-4,amount delta -4.85 > $1
needs_human_review,Q2,f7fee944-df44-495d-8739-6a3fadf83ede,769680f1-80ad-4f8b-b8b0-5b21ecb6f0f1,2025-12-01,OpenAI,OPENAI *CHATGPT SUBSCR OPENAI.COM CA,33.75,ChatGPT,receipt_email,1,0,-58,date delta -58d > 7d
needs_human_review,Q2,2ae3782f-b558-4d6f-ac3e-187bd216b204,1d68d75c-545b-4ba6-a098-79ae8ddd2e05,2025-12-02,TSV Magg,ZLR*TSVMAGG Garbutt,19.27,SSP Australia Catering,dext_receipt,1,0,-2,vendor tokens do not match bank line
needs_human_review,Q2,ebc83e7f-601a-4d5a-9b76-8e94b9bd641f,05d510b4-138a-4f4c-8e5b-c49b4af4695b,2025-12-02,Uber,UBER *TRIP HELP.UBER.COM Sydney,24.11,Uber,dext_receipt,1,1.97,-2,amount delta 1.97 > $1
needs_human_review,Q2,899e1b1f-8cc3-49c5-bce4-91630a2d4b95,2aa09426-dc36-409a-adf2-d3a75d666796,2025-12-03,X Corp,X CORP. PAID FEATURES ABOUT.X.COM TX,15,Apple Pty Ltd,dext_receipt,1,-0.01,2,vendor tokens do not match bank line
needs_human_review,Q2,10d98f9e-f800-4ffe-a49a-0ff5c8f3a94a,0ce47836-89a4-4e1e-a8de-552a260b19ef,2025-12-03,Uber,UBER *EATS HELP.UBER.COM Sydney,55.61,Uber,dext_receipt,1,1.37,-5,amount delta 1.37 > $1
needs_human_review,Q2,53474574-8905-49a3-b43c-1bf48d7c722b,210e9c40-4ed8-4df3-8f45-90d917adad45,2025-12-03,Dominos,Dominos Estore Kirwan dominos.com.a,330,Domino's Pizza Enterprises,dext_receipt,1,0,-2,vendor tokens do not match bank line
needs_human_review,Q2,133fe69c-be94-4914-9aed-6fef26801f66,43f95cc5-05a3-4b0a-85a3-a6e31c8c6259,2025-12-05,Nightowl,NIGHTOWL HERVEY RANG KIRWAN,124.79,Nighton Harvey,dext_receipt,1,0,-2,vendor tokens do not match bank line
needs_human_review,Q2,c303e6a5-bc15-4485-bc5f-f7bf295e7589,f5d16778-0351-465f-9e4c-67cee8292c1c,2025-12-08,Cactus Jacks,CACTUS JACKS RESTAUR TOWNSVILLE,717.5,Cactus Jacks Bar and Grill,dext_receipt,1,-8.65,-6,amount delta -8.65 > $1
needs_human_review,Q2,d74a8f79-afaf-46a4-a7fc-43b901cc3e25,685ae3d4-0598-430b-88b1-d55a76739536,2025-12-08,Uber,UBER *TRIP HELP.UBER.COM Sydney,67.5,Uber,dext_receipt,1,6.98,0,amount delta 6.98 > $1
needs_human_review,Q2,34a87d6a-8f06-4f52-85f4-88312a812d54,5945c7c6-b6fc-42d4-a0bc-1e95636c9711,2025-12-08,Apple,APPLE R466 BRISBANE BRISBANE,1268.37,apple,gmail_raw,0.944,0,-4,confidence 0.944 < 0.95
needs_human_review,Q2,f5132795-0fc4-470d-b1f3-014e12df8653,671db895-291d-4c09-81a3-6bf0402c6f0c,2025-12-09,Uber,UBER *TRIP HELP.UBER.COM Sydney,46.25,Uber,receipt_email,1,1.19,6,amount delta 1.19 > $1
needs_human_review,Q2,5b977486-20d8-465a-a3e0-d01287b556ad,df3912aa-97b0-46a8-b5dc-29e376f5edce,2025-12-09,Container Options,CONTAINER OPTIONS STRATHFIELD S,5904.05,Container Options,dext_receipt,1,-101.55,-5,amount delta -101.55 > $1
needs_human_review,Q2,e76de7da-a74b-462f-ba69-7d56fc5d47dd,7be4edd5-353b-4cb8-b86c-c4d412899943,2025-12-09,Uber,UBER *TRIP HELP.UBER.COM Sydney,47.44,Uber,receipt_email,1,-1.22,7,amount delta -1.22 > $1
needs_human_review,Q2,39d3954a-e6b0-42fa-a00c-081e44fd24fa,0fb080af-927c-40db-95ca-c30a3d29ba8f,2025-12-10,Uber,UBER *EATS HELP.UBER.COM Sydney,17.77,Uber,dext_receipt,1,1.72,5,amount delta 1.72 > $1
needs_human_review,Q2,8fe10671-832a-4afc-b32e-00b9b426d589,7f8d2284-eb93-4751-853b-3332745a511c,2025-12-11,The Sand Yard,THE SAND YARD PTY LTD LONDONDERRY,1068,The Sand Yard,dext_receipt,1,-23.56,-3,amount delta -23.56 > $1
needs_human_review,Q2,d1f0eb43-f964-41db-b41e-7e1e71306b83,574b9c2c-0e88-47e8-959f-4c8c4d4bc136,2025-12-12,Hatch Electrical,HATCH ELECTRICAL ZILLMERE,3732.43,Hatch Electrical,dext_receipt,1,-55.09,-2,amount delta -55.09 > $1
needs_human_review,Q2,c4b70db6-6c0a-4cf7-a152-ef64253ce50e,d9651ae8-9827-403e-baae-0f3a5d69e4fb,2025-12-12,The Sand Yard,THE SAND YARD PTY LTD LONDONDERRY,1029,The Sand Yard,dext_receipt,1,15.44,-4,amount delta 15.44 > $1
needs_human_review,Q2,1e0b1335-bb59-4f6e-a749-ce175f20be58,08efaa75-01a2-46e4-89b3-848daf00b81e,2025-12-15,Vezina,VEZINA PL MASCOT,42.83,Budget Petrol Mascot,dext_receipt,1,0,-5,vendor tokens do not match bank line
needs_human_review,Q2,62ae8485-780e-47be-b162-2a58c531b453,ec8eb521-6ff4-4576-a33f-54baf11f6b78,2025-12-15,Kennards Hire,KENNARDS HIRE HO WA SEVEN HILLS,424,Kennards Hire,dext_receipt,1,0,-34,date delta -34d > 7d
needs_human_review,Q2,6bc2121e-e83d-4a91-b2b4-4635f848004f,028b851c-e338-42b7-8fbd-8377959c7b73,2025-12-16,Uber,UBER *TRIP HELP.UBER.COM Sydney,11.98,Apple Pty Ltd,dext_receipt,1,0.01,-3,vendor tokens do not match bank line
needs_human_review,Q2,fb8059fe-567d-467f-a6c9-36ddbc8b3eb4,573fab20-dbb9-4c51-9a00-45ce0681c5cc,2025-12-16,T60023,ZLR*T60023 Kelso,28.5,Mystery Transport,dext_receipt,1,0,-2,vendor tokens do not match bank line
needs_human_review,Q2,bd1599b6-570b-42ee-a80c-83990391b65d,1ec97b5d-99d6-4754-b9c8-796a8ef3d730,2025-12-17,Hanuman Restaurant,Hanuman Restaurant Ali Alice Springs,77.72,Hanuman Alice Springs,dext_receipt,1,-1.22,-3,amount delta -1.22 > $1
needs_human_review,Q2,e58e1e26-9432-40de-b527-a63a0770a21d,133062d1-d25b-41cd-bacc-ecacfc5d4bd1,2025-12-17,BP,BP ALICE SPRINGS 1104 ALICE SPRINGS,95.65,BP,dext_receipt,1,0,-3,vendor tokens do not match bank line
needs_human_review,Q2,c77715aa-de98-4dc9-979e-fcccab400d29,cbaa8d68-5270-4cef-baf5-3e60769a42bd,2025-12-17,Uber,UBER *TRIP HELP.UBER.COM Sydney,19.49,Uber,receipt_email,1,-1.72,-1,amount delta -1.72 > $1
needs_human_review,Q2,7c30c2f1-e632-4ae3-b14c-adeb9bb4310f,a10e2c27-7a09-41cf-b021-735a8053af91,2025-12-18,The Beach Hotel,LS The Beach Hotel Tow North Ward,8.13,Beach Hotel,xero_me,1,-0.13,-1,vendor tokens do not match bank line
needs_human_review,Q2,e7ba07f0-32db-4d66-8270-2d11ff69080c,5e0d617d-ee94-4a56-adf7-d062da15b0ac,2025-12-22,Yianis Greek Restaurant,YIANIS GREEK RESTAURAN COOLUM BEACH,139.06,Yianis Greek Restaurant,xero_me,1,-2.06,-3,amount delta -2.06 > $1
needs_human_review,Q2,8a05c93d-3ddf-4968-ad67-a093f152be4f,0a3f053b-5306-4d79-ab0a-d82a177ef846,2025-12-22,Webflow,WEBFLOW.COM WEBFLOW.COM CA,48.36,Webflow,xero_me,1,-5.14,2,amount delta -5.14 > $1
needs_human_review,Q2,b51c78ee-9e37-427c-b9a5-8d20ae44919a,ae0c6033-c454-411a-b934-415a158b107a,2025-12-22,Defy Design,DEFYDESIGN.ORG SYDNEY,3260.63,Defy,dext_receipt,1,337.46,0,amount delta 337.46 > $1
needs_human_review,Q2,dee08df9-f40c-4b7c-9d74-ab14b46c7bc9,68e0ede0-2e52-44d9-bf29-8849830a77b8,2025-12-22,BP,ZLR*BP Meningie meningie,155.72,BP,dext_receipt,1,0,-3,vendor tokens do not match bank line
needs_human_review,Q2,f034a648-29b4-4781-beb0-82a392a1bb95,821b6e67-a4f8-43ac-a995-3cdad1f47959,2025-12-24,Defy Design,DEFYDESIGN.ORG SYDNEY,3598.09,Defy,dext_receipt,1,-337.46,-6,amount delta -337.46 > $1
needs_human_review,Q2,490a9019-2652-4834-a27b-9b1d3f170b3e,57dd4967-2984-4c04-af1a-5a31803d522d,2025-12-29,BP,BP LAVERTON 4744 LAVERTON NORT,131.18,BP,dext_receipt,1,0,-7,vendor tokens do not match bank line
needs_human_review,Q2,2a166220-07c7-47c9-8d30-17b52352f818,254a577e-dc9d-4621-bf74-59002887bec3,2025-12-29,Webflow,WEBFLOW.COM WEBFLOW.COM CA,43.6,Webflow,xero_me,1,3.94,-5,amount delta 3.94 > $1
needs_human_review,Q2,239be7c6-f85b-4b84-9063-410997989cb2,83fe47d5-0ac4-4213-891f-635770328e1d,2025-12-30,Piggyback,PIGGYBACK PALMWOODS,160.3,Piggyback,dext_receipt,1,-1.6,-5,amount delta -1.6 > $1
needs_human_review,Q2,d357a3e7-9e72-4712-af94-12fcbe3f486b,2e602e4c-44e8-44e9-9bfb-9034a1ca6e80,2025-12-30,BP,BP CON CABLTR NTH 1672 CABOOLTURE,96.17,BP,dext_receipt,1,0,-5,vendor tokens do not match bank line
needs_human_review,Q3,48493398-c87f-403b-b992-9cbf25e53237,2706c940-e7eb-4fe5-a2d9-3ce768c8ccb6,2026-01-02,DocPlay,DOCPLAY*PREMIUM docplay.com,9.99,DocPlay,receipt_email,1,0,57,date delta 57d > 7d
needs_human_review,Q3,c1214531-77c7-4e90-a725-6f4c1f2f71f9,c24d4973-7bed-490c-b384-bef29751399d,2026-01-07,CARBA TEC PTY LTD TINGALPA,CARBA TEC PTY LTD TINGALPA,4575.65,Carbatec Brisbane,dext_receipt,1,0,-2,vendor tokens do not match bank line
needs_human_review,Q3,af0af627-f86e-4464-a23d-721ceeae5d7d,330e2a31-2d38-45a7-93bf-a0a25a60b46e,2026-01-08,TRANSPORTMAINRDS BRISBANE,TRANSPORTMAINRDS BRISBANE,39.09,Dept of Transport & Main Roads,dext_receipt,1,0,-3,vendor tokens do not match bank line
needs_human_review,Q3,2c2fabb6-8e2b-44f9-b717-3f6c6e051e7a,9985677e-8dca-4b54-bcab-880c839943ce,2026-01-13,CARBA TEC PTY LTD TINGALPA,CARBA TEC PTY LTD TINGALPA,1811.7,Carbatec Brisbane,dext_receipt,1,0,-2,vendor tokens do not match bank line
needs_human_review,Q3,3f8aadd0-f3e5-4350-900f-c6e3dd836047,f420481d-490b-41cf-8e53-55ca6a8dc8c6,2026-01-14,Hatch Electrical,HATCH ELECTRICAL ZILLMERE,784.43,Hatch Electrical,dext_receipt,1,-11.81,-2,amount delta -11.81 > $1
needs_human_review,Q3,c1f381be-53ee-4126-a227-1e694db22069,cabd6c5e-a7c7-4c65-92fa-69b0ef2b524e,2026-01-19,Claude.AI,CLAUDE.AI SUBSCRIPTION ANTHROPIC.COMCA,30.91,Cognition AI,dext_receipt,1,0,-3,vendor tokens do not match bank line
needs_human_review,Q3,bd350c54-91ea-469a-bcbe-316eb551de7b,6125c14d-f091-48be-bfef-85ca598515cc,2026-01-19,MALENY HARDWARE AND RURALMALENY,MALENY HARDWARE AND RURALMALENY,133.58,Liberty Maleny,dext_receipt,1,-13,-1,amount delta -13 > $1
needs_human_review,Q3,7fb48b24-5016-42bd-a500-5ada8d189e47,224f0140-7dbf-41f0-8e34-377b3ad2bc52,2026-01-19,Claude.AI,CLAUDE.AI SUBSCRIPTION ANTHROPIC.COMCA,34,Cognition AI,dext_receipt,1,0,-3,vendor tokens do not match bank line
needs_human_review,Q3,4ce04622-0265-4443-94e8-b76e6e0a4296,5edc055b-21a4-437a-9a73-2e67506770b6,2026-01-21,Light Years - Noosa Noosa Heads,Light Years - Noosa Noosa Heads,140.13,Light Years Asian Diner,dext_receipt,1,-2.13,-3,amount delta -2.13 > $1
needs_human_review,Q3,15d34087-25fc-4798-863f-6a4873a38d4e,1101f85f-f42a-4df9-bc14-878e2a347326,2026-01-27,CEX PARRAMATTA,CEX PARRAMATTA,540,Complete Entertainment eXchange,dext_receipt,1,0,-3,vendor tokens do not match bank line
needs_human_review,Q3,32e5a1fd-7cd1-44fa-9065-ca8b6043d530,3013d15f-4f82-4a25-952c-b8172d27e561,2026-01-27,TRANSPORTMAINRDS BRISBANE,TRANSPORTMAINRDS BRISBANE,78.18,Dept of Transport & Main Roads,dext_receipt,1,0,-5,vendor tokens do not match bank line
needs_human_review,Q3,78bd4625-bbe8-4ea3-961d-16d8bedae609,80c2c5e0-a391-472b-89a8-677f852ba44e,2026-01-28,ORANGESKY STAFFORD,ORANGESKY STAFFORD,288,Orange Sky Australia,dext_receipt,1,0,-2,vendor tokens do not match bank line
needs_human_review,Q3,9ef403ce-4173-4abe-aa4b-8eb3e49bdc54,68917301-3970-4a38-bdcb-0e461ca5fdfc,2026-01-28,SEASONS SUPERMARKET 10 MALENY,SEASONS SUPERMARKET 10 MALENY,366.58,IGA,xero_me,1,0,-2,vendor tokens do not match bank line
needs_human_review,Q3,07d0b8c2-6e9a-4a4b-8835-8f521011effc,31380bcb-25f8-495e-a8f9-61402323291e,2026-02-02,KALLEGA INVESTMENTS PT ALICE SPRINGS,KALLEGA INVESTMENTS PT ALICE SPRINGS,4715,Centre Canvas And Upholstery,dext_receipt,1,0,-4,vendor tokens do not match bank line
needs_human_review,Q3,ffc83a70-e730-4d88-98bc-1bcb92eada5b,9a7e3caa-f02a-453e-9fc5-27e2c159cd9b,2026-02-02,VTC-ONLINETOURING YULARA,VTC-ONLINETOURING YULARA,99.89,Voyages Indigenous Tourism Australia Pty Ltd,dext_receipt,1,0,-3,vendor tokens do not match bank line
needs_human_review,Q3,633a6e1e-944b-4eef-844f-6430d29919b5,07d60765-938f-49b3-bc54-8726fa639829,2026-02-02,Uber,UBER *TRIP HELP.UBER.COM Sydney,46.41,Uber,receipt_email,1,-3.45,7,amount delta -3.45 > $1
needs_human_review,Q3,c3edd8cd-66f6-4fcd-ac31-0fb6aed8ea9c,fe72c87d-3a0f-45e9-ab07-efc7cfb4f6a7,2026-02-05,BP CMPLX TENNANT CRK TENNANT CREEK,BP CMPLX TENNANT CRK TENNANT CREEK,148.98,BP,dext_receipt,1,0,-3,vendor tokens do not match bank line
needs_human_review,Q3,21472858-590f-493c-8aaf-d5fe123c4e99,a09a937c-80f6-4e34-8abf-518fed0d8315,2026-02-05,SMP*Devils Marbles Ho Davenport,SMP*Devils Marbles Ho Davenport,88.95,Devils Marbles Hotel,dext_receipt,1,-1.01,-3,amount delta -1.01 > $1
needs_human_review,Q3,4950350c-af25-4a09-a245-b63075c8f75f,7aa509a1-918b-4a35-a61b-496f638de5e8,2026-02-05,BP CMPLX TENNANT CRK TENNANT CREEK,BP CMPLX TENNANT CRK TENNANT CREEK,34.49,BP,dext_receipt,1,0,-3,vendor tokens do not match bank line
needs_human_review,Q3,8144aed3-d650-4752-9618-0a795f1a04e3,cb2014b3-0a09-4f8f-94e7-543b0c25eb46,2026-02-06,BP ALICE SPRINGS 1104 ALICE SPRINGS,BP ALICE SPRINGS 1104 ALICE SPRINGS,125.7,BP,dext_receipt,1,0,-3,vendor tokens do not match bank line
needs_human_review,Q3,c64c5444-3460-4942-b266-349a9acc1aac,e6367c96-d3a7-4e4e-be36-1cc8f1e93515,2026-02-06,Liberty,LIBERTY MALENY Maleny,213,Liberty Maleny,dext_receipt,1,-0.23,29,date delta 29d > 7d
needs_human_review,Q3,c8a1e727-e72b-45e7-9d7c-4d59ab7acb14,13020765-c738-4156-9b6b-8dd4ecbd471c,2026-02-06,SEASONS SUPERMARKET 10 MALENY,SEASONS SUPERMARKET 10 MALENY,248.06,IGA,dext_receipt,1,0,-3,vendor tokens do not match bank line
needs_human_review,Q3,6940a038-c595-4861-823d-caa462311095,66c414b3-7e9d-4895-ad33-55b6a2db871d,2026-02-06,BP ALICE SPRINGS 1104 ALICE SPRINGS,BP ALICE SPRINGS 1104 ALICE SPRINGS,161.9,BP,xero_me,1,0,-2,vendor tokens do not match bank line
needs_human_review,Q3,bbc3877e-6063-46c8-b206-2988b1ecec9b,326fc4bc-2185-4755-9a91-5846950d8538,2026-02-09,A CURIOUS TRACTOR WITTA,A CURIOUS TRACTOR WITTA,600,Takayna Trail 2026,dext_receipt,1,0,-3,vendor tokens do not match bank line
needs_human_review,Q3,30c8d74c-2974-4768-8958-e8ee19d7d9a5,8729f7da-25e8-45f4-88cc-cb058b865936,2026-02-09,BOB BROWN FOUNDATION HOBART,BOB BROWN FOUNDATION HOBART,600,BOB BROWN FOUNDATION,dext_receipt,1,0,42,date delta 42d > 7d
needs_human_review,Q3,11120af4-2419-489f-bbce-c3fd57428a4a,123b2d9d-579e-41f9-bd20-1a3253ce1ab4,2026-02-09,LS Esmay Adelaide Hackney,LS Esmay Adelaide Hackney,326.6,Esmay,xero_me,1,-20.6,-3,amount delta -20.6 > $1
needs_human_review,Q3,a9b19aa7-7f68-4f41-9903-34f36b96e023,5c9825ac-25f3-451a-9071-94b9ad1fde9f,2026-02-09,Apple,APPLE.COM/BILL SYDNEY,14.99,Apple Pty Ltd,dext_receipt,1,0,24,date delta 24d > 7d
needs_human_review,Q3,b88497a4-f2ee-482b-9d67-af867233f3d1,c329b040-5e02-4649-a3cd-5bdaaad97968,2026-02-16,Amazon Prime,AMZNPRIMEA* AMZNPRIMEA SYDNEY SOUTH,9.99,Amazon,dext_receipt,1,0,8,date delta 8d > 7d
needs_human_review,Q3,cbdd5bb9-8335-4668-9860-01ed85b80ce0,ce9b9d78-d3ba-40a0-abb7-8c3de28e8d3f,2026-02-20,EDITANDPRIN 0414586892,EDITANDPRIN 0414586892,7151.76,TJ’s Imaging Centre,dext_receipt,1,0,-3,vendor tokens do not match bank line
needs_human_review,Q3,eada2865-eaf4-44d1-9dfb-38401c11aeeb,9af7e323-98df-4e91-868f-860c106b5eb7,2026-03-04,Kadmium Art Supplies 02 9212 2669,Kadmium Art Supplies 02 9212 2669,771,Wholesale Canvas Australia,dext_receipt,1,0,-2,vendor tokens do not match bank line
needs_human_review,Q3,66068f3d-b9ba-4852-a118-e4e3646694e1,adeb64cb-bbb7-4305-bf1c-15a2c9d53c50,2026-03-09,SEASONS SUPERMARKET 10 MALENY,SEASONS SUPERMARKET 10 MALENY,294.04,IGA,dext_receipt,1,0,-4,vendor tokens do not match bank line
needs_human_review,Q3,24d510b1-dcd8-48bd-a5cb-400c04df8096,c651d128-5937-4cfd-a336-72dd6c3ab8d1,2026-03-12,AGL,AGL SALES PTY LTD SYDNEY,362.83,agl,dext_receipt,1,0,-8,date delta -8d > 7d
needs_human_review,Q3,d05c1180-8ec0-44be-8813-bd5b66ee52d8,bebfd545-162d-498e-918b-f765318f2f88,2026-03-13,ORANGESKY STAFFORD,ORANGESKY STAFFORD,160,Orange Sky Australia,dext_receipt,1,0,-1,vendor tokens do not match bank line
needs_human_review,Q3,9fdcdfc7-e53a-4f65-b036-633fea73af66,60acef4a-4124-42b7-be66-e5d2253cda81,2026-03-13,Uber,UBER *EATS HELP.UBER.COM Sydney Bank Feed Auto-reconciled,42.38,Uber,receipt_email,1,-1.02,3,amount delta -1.02 > $1
needs_human_review,Q3,3e2d434b-3ce2-4724-be7f-c2d76500e976,0d23373e-41aa-48d9-afd7-3b33cab4f265,2026-03-16,Adobe,Adobe Sydney,113.49,Adobe Systems Software,dext_receipt,1,0,-32,date delta -32d > 7d
needs_human_review,Q3,27ba9ed5-58ca-49e4-9389-e0e007129e4f,3d5b7696-4313-4170-b650-c00221b4dfa1,2026-03-16,Qantas,QANTAS AIR 0812384663301WWW.QANTAS.CO Bank Feed Auto-reconciled,305.05,QANTAS,dext_receipt,1,-31.56,4,amount delta -31.56 > $1
needs_human_review,Q3,47f8e433-4e95-40eb-805c-b1da35a15868,0ebbb4cc-5637-4178-be93-d30c09fc3f6a,2026-03-17,Uber,UBER *TRIP HELP.UBER.COM Sydney Bank Feed Auto-reconciled,44.56,Uber,dext_receipt,1,-1.6,-7,amount delta -1.6 > $1
needs_human_review,Q3,8bcc9888-8ee6-4c1e-8b67-0f26213fe0f0,bae9db7d-ecbb-41dd-bede-fa1b25db6d40,2026-03-18,Uber,UBER *EATS HELP.UBER.COM Sydney Bank Feed Auto-reconciled,57.77,Uber,receipt_email,1,4.91,-3,amount delta 4.91 > $1
needs_human_review,Q3,8467d479-f28c-47ca-9b1c-49f2b53958af,a4f327cb-e3f6-4b1a-9512-0fc76f994ad7,2026-03-18,Uber,UBER *TRIP HELP.UBER.COM Sydney Bank Feed Auto-reconciled,41.36,Uber,receipt_email,1,0.19,10,date delta 10d > 7d
needs_human_review,Q3,478c1cd8-c230-4083-b8de-c7a405b1e26f,10926845-9932-4bac-a534-5233fdfbe230,2026-03-19,Ezviz,EZVIZ INTERNATIONAL LI WAN CHAI,14.99,Vercel Inc.,dext_receipt,1,0.01,2,vendor tokens do not match bank line
needs_human_review,Q3,a54ff6bb-7edc-403e-aaf3-cf21f3bbdd24,b5f4f889-dbff-4324-a0b1-33d1915b5d4d,2026-03-20,Defy Design,DEFYDESIGN.ORG SYDNEY,203.22,DEFY,dext_receipt,1,-3.79,-1,amount delta -3.79 > $1
needs_human_review,Q3,79ea22ce-9553-4eed-9e91-516b7c93a9a0,33fd9373-4e1f-4d96-9343-94d6b32c8192,2026-03-23,Qantas,QANTAS AIR 0812384798167NEW SOUTH WAL Bank Feed Auto-reconciled,449.03,QANTAS,dext_receipt,1,-17.63,-1,amount delta -17.63 > $1
needs_human_review,Q3,34684915-e2db-415a-8467-52b5f9a46cdd,c26ff11b-9330-4555-8add-dcdda8ef877d,2026-03-23,EDITANDPRIN 0414586892,EDITANDPRIN 0414586892,931.41,ePrint,dext_receipt,1,0,-3,vendor tokens do not match bank line
needs_human_review,Q3,67220132-bbb2-4057-b02a-5434e077ae0b,097efdea-7786-4853-a50b-c1f1b78bb440,2026-03-25,SIXT9609053176 LJUBLJANA,SIXT9609053176 LJUBLJANA,131.25,Sixt,xero_me,1,0,-1,vendor tokens do not match bank line
needs_human_review,Q3,6b23a12e-3de8-4101-b978-6c3ea0056e15,aa013d56-2556-4214-a3f3-6660f3420a56,2026-03-26,Uber,UBER *TRIP HELP.UBER.COM Bank Feed Auto-reconciled,9,Uber,dext_receipt,1,0.99,-16,date delta -16d > 7d
needs_human_review,Q3,a5b75493-f45c-42c2-9670-73755d04849c,adfe3b98-e0e5-4e57-a70d-834ab88c5981,2026-03-27,Uber,UBER *TRIP HELP.UBER.COM Bank Feed Auto-reconciled,9.17,Uber,dext_receipt,1,0.82,-17,date delta -17d > 7d
needs_human_review,Q3,032b297f-75ec-4f63-95de-87bebfa60726,2d947f43-fc15-4294-8272-555f8df772ac,2026-03-30,Uber,UBER *EATS HELP.UBER.COM Sydney Bank Feed Auto-reconciled,29.91,Uber,receipt_email,1,-2.99,2,amount delta -2.99 > $1
needs_human_review,Q3,2af328cd-8a16-4889-a673-4b809723805c,561df27e-e73e-4933-beb3-985eb647d6b3,2026-03-30,Uber,UBER *TRIP HELP.UBER.COM Amsterdam Bank Feed Auto-reconciled,49.65,Uber,receipt_email,1,4.81,-1,amount delta 4.81 > $1
needs_human_review,Q3,b23ec1f1-7a08-4095-ae05-df83831e8f28,ebde3649-c106-4230-8e0b-68a9c57e1389,2026-03-30,Uber,UBER *TRIP HELP.UBER.COM Sydney Bank Feed Auto-reconciled,41.55,Uber,receipt_email,1,-4.15,0,amount delta -4.15 > $1
